boanoite,Qm9hIG5vaXRlLCBtb8OnYSBnb3N0b3NhLCBkb25hIGRlc3NlIG1vbnVtZW50YWwgcGFyIGRlIGNveGFzLCBwb3IgZmF2b3IsIHNlbXByZSBxdWUgdm9jw6ogdGl2ZXIgZXNzYSBsaWJpZG8sIGVzc2UgdGVzw6NvLCBxdWUgcGVyY2ViaSBob2plIGEgcG9udG8gZGUgcGVnYXIgbm8gbWV1IHBhdSBlbnF1YW50byBldSBkaXJpam8uIFBlZ3VlIMOgIHZvbnRhZGUsIHBlZ3VlLCBlc2ZyZWd1ZSwgc2UgcG9zc8OtdmVsIGNodXBlIHVtIHBvdXF1aW5obywgcXVlIHZvbnRhZGUgZXUgdGl2ZSBkZSB2ZXIgbWV1IHBhdSBkZW50cm8gZGEgdHVhIGJvY2EsIGZpcXVlaSBtYXJhdmlsaGFkbyBjb20gc3VhIGxpYmlkbyBob2plLCBtYXJhdmlsaGFkby4uLiEgVm9jw6ogw6kgc2VtcHJlIHTDo28gcXVpZXRhLCB0w6NvIHJlY2F0YWRhLCBudW5jYSB0ZW0gZXNzYXMgYXRpdHVkZXMhIEdhbmhlaSB1bSBwcsOqbWlvIGhvamUsIHNlIHZvY8OqIGNvbnNlZ3Vpc3NlIHVtYSBob3JhIGVtIG1laWEgZGUgYWxtb8OnbywgZXUgdG9wYXJpYSBlbnRyYXIgbm8gVG95IChhcXVlbGUgbW90ZWwpIHByYSBnZW50ZSBzZSBjaHVwYXIgYmVtIGdvc3Rvc28gYXRlIGdvemFyIGUgZGVwb2lzIHBlZGlyaWEgdW0gYWxtb8OnbyBhbnRlcyBkZSBpciBlbWJvcmEuIEVzY3JldmVuZG8gZXNzYXMgcGFsYXZyYXMsIG1ldSBwYXUgdMOhIHRvZG8gYXNzYW5oYWRvIGFxdWksIGR1cm1hIGJlbSwgYmVpam9z
trinta,UmVhbG1lbnRlIGVzcGVybyBxdWUgdmNzIGNyZXNjZW0sIDMwIGFub3MgbmEgY29zdGFzIGUgbsOjbyBzYWJlbSBhbyBjZXJ0byBvIHNpZ25pZmljYSBkYXMgcGFsYXZyYXMgZSBhY2hhbSBxdWUgdGVtIGFsZ3VtIG1pbmltbyBjb25oZWNpbWVudG8gZGEgbMOtbmd1YSBwb3J0dWd1ZXNhLgpRdWFuZG8gY3Jlc2NlcmVtIGUgdGl2ZXJlbSBzdWFzIHJlc3BvbnNhYmlsaWRhZGVzLCBhcHJlbmRlcmFtIGEgbsOjbyBzZXIgdHJvbGwvaGF0ZXIgbmEgaW50ZXJuZXQgYXTDqSBsw6EsIGVzdMOhIGJsb3F1ZWFkby4KQm9hIHNvcnRlIG5hIHZpZGEgYcOtLCBwb2lzIHNlIGNvbnRpbnVhciBjb20gZXNzYXMgYXRpdHVkZXMsIHZjIHZhaSBwcmVjaXNhciwgcG9pcyBuaW5ndcOpbSBxdWVyIGNvbnRyYXRhciB1bSBtYWx1Y28gZGUgMzAgYW5vcyBjb20gbWVudGFsaWRhZGUgZGUgMTAuCkZvcm0gc3VhIHZpZGEsIGVzdHVkZSBlIHNlIGZvcm1lLCBlIGNyZXPDp2EsIHBvaXMgZW5xdWFudG8gdmNzIGVzdMOjbyBhw60gc2VuZG8gSGF0ZXIgZGUgaW50ZXJuZXQgY29tIDMwIGFub3MsIGV1IGrDoSB0ZW5obyBhIHZpZGEgcXVhc2UgZmVpdGEsIHRlbmhvIG1ldXMgYmVucyBwcsOzcHJpb3MsIG7Do28gZGVwZW5kZW5kbyBkZSBuaW5ndcOpbSBwYXJhIHBhZ2FyIG1pbmhhcyBjb250YXMsIGUgbsOjbyB0ZW5obyB0ZW1wbyBwYXJhIGZpY2FyIGxpZGFuZG8gY29tIGNyaWFuY2luaGEgbmEgaW50ZXJuZXQuCk5vdmFtZW50ZSBib2Egc29ydGUgY29tIHN1YSB2aWRhLCBwb2lzIHZhaSBwcmVjaXNhci4=
lembra,SXNzbyBtZSBsZW1icmEgcXVlIGV4aXN0ZW0gYW5pbWVzIGhhcsOpbSBxdWUgZXUgc2ltcGxlc21lbnRlIGRldGVzdG8sIHBvciB2w6FyaW9zIG1vdGl2b3MsIGUgZXNzZSDDqSB1bSBkZWxlcywgYXMgcGVyc29uYWdlbnMgc8OjbyBhcGVuYXMgY2FzY2FzIHZhemlhcyBwYXJhIHNlcnZpcmVtIGRlIHdhaWZ1LCBvcyBkcmFtYSBzw6NvIGFic3VyZGFtZW50ZSBpZGlvdGFzIChjb21vIGVzcGVyYWRvIGRlIGFuaW1lcyBkZXNzZSB0aXBvKS4=
impressionante,SU1QUkVTU0lPTkFOVEUgQSBDQVBBQ0lEQURFIFFVRSBFU1NFIEZBTlNVQiBURU0gUEFSQSBTRVIgSFVNSUxIQURPLCBFIERFU1NBIFZFWiBFVSBGQUxPIFNFR1VSQU1FTlRFLiBERUlYRUkgSVNTTyBOTyBDT01FTlTDgVJJTyBEQSBQQU5FTEEsIElTU08gRVNUw4EgUkVHSVNUUkFETyBOQUNJT05BTE1FTlRFIE5BIEhJU1TDk1JJQSBET1MgRkFOU1VCUywgQSBJTkZJTklURSBERVUgTyBNQUlPUiBWRVhBTUUgREUgU1VBIEhJU1TDk1JJQSwgRSBOw4NPIFZBSSBURVIgVU0gVkVYQU1FIFBJT1IgRE8gUVVFIEVTU0UuIFJPTEEgREVURVJNSU5BREEgTsODTyBWQUkgU0VSIFBJT1IgRE8gUVVFIFNFUiBIVU1JTEhBRE8sIEVYRUNSQURPLCBTRVIgUElTT1RFQURPLCBQRUxBIEhJU1TDk1JJQSBDVVNQSURBIEUgRVNDQVJSQURBIFBPUiBVTSBGQU5TVUIgUEFORUxFSVJPLCBBIFRBTCBEQSBFTElURSDDiSBVTSBGQU5TVUIgUC1BLU4tRS1MLUUtSS1SLU8sIExJVEVSQUxNRU5URSBQLUEtTi1FLUwtRS1JLVItTywgQSBFTElURSBOw4NPIEVYSVNUSUEgTk8gQ0VOw4FSSU8gQlIgQVTDiSAyMDE4LCBFUkEgVU0gRkFOU1VCIFAtQS1OLUUtTC1FLUktUi1PLCBVTSBGQU5TVUIgUVVFIExFR0VOREEgR1VOQlVTVEVSLCBMQUlOLCBBUklGVVJFVEEsIEEgSU5GSU5JVEUgUEVSREVVIFBSQSBVTSBGQU5TVUIgUC1BLU4tRS1MLUUtSS1SLU8sIFBFUkRFVSBOw4NPLCBQRVJERVIgw4kgUVVBTkRPIFRFTSBVTSBPVSBET0lTIEVSUk9TLCBBIElORklOSVRFIEZPSSBIVU1JTEhBREEsIEEgSU5GSU5JVEUgVEVWRSBBIElOU1RJVFVJw4fDg08gSU5GSU5JVEUgRkFOU1VCIERFTkVHUklEQSwgQSBMw41OR1VBIFBPUlRVR1VFU0EsIFNFSSBMw4EsIFFVQUxRVUVSIENPSVNBIFFVRSBRVUUgQSBHRU5URSBQT1NTQSBESVpFUiBBU1NJTSwgQVFVRUxBUyBSRUdSQVMgREUgUE9SVFVHVcOKUyBMw4EsIFRPIFTDg08gUFVUTyBRVUUgQVTDiSBFU1FVRUNJIE8gTk9NRSwgQSBHUkFNw4FUSUNBIERBIEzDjU5HVUEgUE9SVFVHVUVTQSBGT0kgUkFTR0FEQSwgQSBJTkZJTklURSBURU0gUVVFIE5BU0NFUiBERSBOT1ZPIENPTSBPVVRSTyBOT01FLCBBQ0FCT1UsIEFDQUJPVSwgQUkgVkVNIE8gUkFJU0hJTiBDT00gRVNTQSBISVNUw5NSSUEgREVMRSwgRVNTRSBJRElPVEEsIEVTU0UgRklMSEEgREEgUFVUQSBERVNTRSBBTkFMRkFCRVRPIENPTSBFU1NBIEhJU1TDk1JJQSBERSBBSU5OIEZPREEtU0UgTyBQT1JUVUdVw4pTLCBQT1JRVUUgTyBQT1JUVUdVw4pTLCBPIFBPUlRVR1XDilMgTsODTyBGSUNBIEJPTSBTRSBWT0PDiiBOw4NPIEVTVFVEQSwgU0UgU1VBIEVRVUlQRSDDiSBVTUEgTUVSREEsIE5FTSBFU1RVREFSIFBPUlRVR1XDilMgREEgSkVJVE8sIEVRVUlQRSBNRVJEQSBORU0gRVNUVURBTkRPIFBPUlRVR1XDilMgRMOBIEpFSVRPLCBRVUVNIFNBQkUgUE9SVFVHVcOKUyBURU0gUVVFIFNFIFBSRU9DVVBBUiBDT00gT1VUUkFTIENPSVNBUywgVEVNIFFVRSBTRSBQUkVPQ1VQQVIgRU0gUEFTU0FSIEVNIENPTkNVUlNPLCBOw4NPIFNFIFBSRU9DVVBBUiBDT00gRVNTQSBNRVJEQSBDSEFNQURBIElORklOSVRF
telefone,OmhlYXJ0OkZFTElaIE5BVEFMOmhlYXJ0Og0KU2l0ZSBwb3Juw7Qgw6kgbyBjYXJhbGhvLi4uIEFNSUdPIERFIFZFUkRBREUgUEFTU0EgTyBURUxFRk9ORSBERSBUT0RBUyBBUyBQVVRBUyBETyBCUkFTSUwuLi4gDQoNCjEtRmVybmFuZGEgLSAyMSA5ODU2OTE2MzENCjEvNS0gZHVhcmRhIC0xOCBhbm9zIDIxIDk2NzA1LTQ3NDMNCjItR2lvdmFuYSAtIDIxIDk4MDk3NTY3MiANCjMtTHVhbm5hIC0gMjEgOTczMjQ1ODgyIA0KNC1UYcOtcyAtIDIxIDk5NjExNzMxMSANCjUtVGhhw61zIC0gMjEgOTc5MjUxMDQxIA0KNi1UYW1hcmEgLSAyMSA5OTM4NjE1NzQgDQpCcnVuYSAtIDIxIDk5NzE5MDI3OCANCkZlcm5hbmRhIC0gMjEgOTg1NjkxNjMxIA0KR2lvdmFuYSAtIDIxIDk4MDk3NTY3MiANCkxhcmlzc2EgLSAyMSA5OTcxMTY1NTMgDQpMdWFubmEgLSAyMSA5NzMyNDU4ODIgDQpNaWxlbmEgLSAyMSA5ODUzMDMyMSANClRhw61zIC0gMjEgOTk2MTE3MzExIA0KVGhhw61zIC0gMjEgOTc5MjUxMDQxIA0KVGFtYXJhIC0gMjEgOTkzODYxNTc0IA0KMzEgODQyMi00NDUzIC0gQ2Fyb2wgDQozMSA5MTcxLTE1MjUgLSBJc2FiZWxsYSANCjU0IDg0MDMtNDk2NCAtIEdhYnJpZWxhIA0KKDYxKTgyODI3NDgyIC0gR2FiaSANCig2MSk4MTkzMjAxNiAtIFJlbmF0YSANCigxNikgOTkyNDMzMjM5IC0gSsOpc3NpY2EgDQooNjEpOTIwNjM5MTYgLSBNaWxlbmEgDQooNjEpOTExODQxNjcgLSBNYXJpIA0KKDYxKTgxODM0MjcxIC0gTGlyaWFoIA0KKDYxKTgxOTUxNzk1IC0gS2VsbHkgDQooNjEpODIyMjUxOTIgLSBHcmF6eSANCigyMSk5ODIyNjEwOTAgLSBSb2JlcnRhIA0KKDIxKTk5NzM0NDkwOSAtIFBhdHLDrWNpYSANCigyMSk5OTk4OTY5NTYgLSA/Pz8gDQooMjEpOTg4NjE5MzA2IC0gQW5hIA0KKDIxKTk4ODcwMzc0NyAtIEdhYmkgDQooNjcpOTI5NDk5NDQgLSBMYXJpc3NhIA0KKDY3KTkxNDA1MDMwIC0gVml2aSANCig2Nyk5MjQ3NDE4NyAtIERhbmkgDQooNjcpODE4MTcxNTQgLSBCaWFuY2EgDQooNjcpOTIwNzczMDQgLSBGbMOhdmlhIA0KKDY3KTk2ODI4NTAxIC0gTGV0w61jaWEgDQooMjEpOTY5MzA1NzM2IC0gTMOtdmlhIA0KKDIxKTk4ODI5MTY2NSAtIENsYXJpc3NlIA0KKDE1KTk4MTQ0MzEyNCAtIErDqXNzaWNhIA0KNDEgOTY4MjQ2ODAgLSBMYXJpc3NhIA0KMzEgOTE3MS0xNTI1IC0gSXNhYmVsbGEgDQoyMSA5ODc4Ny0wOTg0IFJhZmFlbGENCkx1aXphOiAyMSA5Njk5NDMyOTIgDQpUaGHDrXM6IDIxIDk3OTI1MTA0MSANClRoYXVhbnk6IDA0OTk4MDYzNzkxIA0KKDc5KTk4MTExODM0IExldMOtY2lhIA0KKDc5KTk2MzU5MTc2IEFudG9uZWx5LCBlc3NhIMOpIGzDqXNiaWNhLiANCig4MSk4ODY4MDkwMyBMYXJhLCB0ZW0gdW1hIGJ1bmRhIGRvIHRhbWFuaG8gZGUgU2F0dXJuby4gDQooODEpOTkyNTUyNTIgUm9iZXJ0YSwgcGVpdG8gZSBidW5kYSBwZXJmZWl0YW1lbnRlIGFsaW5oYWRvcyBlIGJhcnJpZ2EgMTAvMTAuIA0KKDgxKTk3MTUwMTQ5IEFtYW5kYSwgY2h1YmJ5IGZlbWluaXN0YSwgICAgICAgICAgIG1lcmVjZSANCigxMSk5NzQxNTQ5NDEgRWxhIHNlIGNoYW1hIFByaXNjaWxhLCBtYXMgcG9kZW0gY2hhbWFyIGRlIFByaS4gDQooMTEpOTg3MDA2NDU1IFNlIENoYW1hIEthcmVuLCBzw7MgY3VydGUgYXRyw6FzIHBvcnF1ZSDDqSBldmFuZ8OpbGljYSANCigxOSk4NDM2MzM4NyBSYWlzc2EgLSBKb2dhZG9yYSBkZSBEb3RBIDIgDQooMTEpOTQ4OTQ5NzM5IE1lbGlzc2EgLSBEYWRlaXJhIGRvIG1ldSBlbXByZWdvIA0KKDExKTk3NDU0NDA5OSBEYXJsZXR5IC0gQ3VydGUgYXBlbmFzIGFuYWwgDQooMzEpOTEwMDg2ODkgQXR0d2hvcmUgZGUgMTUgYW5vcyBzYWZhZGluaGEgcXVlIG1vcmEgY29tIG9zIGF2w7NzIGVtIEJIIA0KKDExKTk1MzYwOTY3NiBHYWJyaWVsYS4gDQooMTEpOTU5ODI1NjIzIEFuYSANCjE2IDk5MTYxLTQwMDkgLSBFbGlzYSANCjEzIDk5MTMwMjAyNyAtIEFsaW5lIA0KMjEgOTc5MDgtNjQ1NSAtICJFdSBzZWkgcXVlIHZvY8OqIGdvc3RhLiBNZSBjb250YXJhbSBkYXMgZm90b3MiIA0KMTEgOTg1ODcxOTIwIC0gRmVybmFuZGEuIA0KMTEgOTcxNjY3NzY2IC0gQmlhbmNhIFByZWdub2xhdG8uIA0KMTEgOTgzMjk2MDYyIC0gR2l1bGlhLiANCjExIDk5MTYxODY0OCAtIFRoYWxpYS4gDQo4OCA5MjcwLTQzNjYgLSBBbGluZSANCjIxIDk5NzA3LTU2MTMgLSBBcmllbCANCjg1IDkxNzgtODE0MyAtIEJlbGxhIA0KMjEgOTg2OS05ODM3IC0gQnJlbmRhIA0KNjEgODE3Ni0wMzgzIC0gQ2FtaWxhIA0KMjEgOTgzODAtNzE1MyAtIEplc3NpY2EgDQoyNCA5OTI5NS0zMjM4IC0gS2FyZW4gDQo2NCA5MjA5LTA0ODggLSBLYXJvbCANCjIxIDgxNzMtODYwNCAtIE1hcmnDtCANCjIxIDgzMTgtNDg2NyAtIE5hdGhhbGlhIA0KMjEgNzM3OC0xNDg4IC0gTmluYSANCjEzIDk5MTYwLTY3NTggLSBQYXRyaWNpYSANCjIxIDkyNDQtMDA0OSAtIFByaXNjaWxhIA0KOTMgOTE0ODEtNjYzIC0gUmFuaWVsZSANCjIxIDgxMTgtNTcwMyAtIFJhZmFlbGEgDQoyMSA5NTU0LTAwMjAgLSBTb3JhdGEgDQoyMSA5NzYyLTg0NjA2IC0gVGF5YW5hIA0KMjEgOTY5NTYtMzc5NyAtIFZpY3RvcmlhIA0KNDQgODQwNi0yNzA2IC0gQmVhdHJpeiANCjExIDk4MDY1LTYwNjIgLSBOYXRoYWxpYSANCjIxIDk3OTY0LTA3NDkgDQozNSA5ODY1LTM3NzYgLSBDYW1pbGEgDQozNSA5OTY2LTI5ODAgLSBDYXJsYSANCjM4IDkxNzMtNzk1NCAtIEhlbGxlbiANCjM4IDk4NjQtMzkxNSAtIEdvc3Rvc29uYSh2aWFqYSBwcmEgcXVhbHF1ZXIgbHVnYXIsIHNvIGNvbnRyYXRhciBlbGEpDQozNyA5OTg5LTE5MTggLSBNb3JlbmEgDQo5OCA4MTIwLTA1OTQgLSBNYXJpYW5hIA0KOTggODE5NjY0NDYgLSBBZHJpYW5hIA0KOTggODI5NjA3MTEgLSBTaGlybGV5IA0KOTggODIxNTk5MjcgLSBEYW5pZWxl
dinho,RmFsYSwgTmVnw6NvLiBGYWxhLCBEaW5oby4gQ29tbyBxdWUgdMOhLCBtZXUgcGFyY2Vpcm8sIHR1ZG8gYmVtPyBTYXVkYWRlcyBkZSB2b2PDqnMgdGFtYsOpbSwgY2FyYS4gRXNwZXJvIHF1ZSB0dWRvIGVzdGVqYSBiZW0gY29tIHZvY8OqcyBhw60sIHTDoS4gVW0gYWJyYcOnbywgdW0gYmVpam8uIEFtbyB2b2PDqnMuIEVzcGVybyB2ZXIgdm9jw6pzIGVtIGJyZXZlLCBmYWzDtC4gVm9tYm9yYS4uLiBDaGVpYSBkZSBtYW5pYXMuIEHDrSE7IFRvZGEgZGVuZ29zYS4gTWVuaW5hIGJvbml0YSwgc2FiZSBxdWUgw6kgZ294dG9zYS4uLiB1bSBhYnJhw6dvLCBjYXJhLiBPb29vaCAuLi4gRG9taW5hIG8gbWV1IGNvcmHDp8Ojby4gRXUgZmljbyBzZW0gc2FiZXIgbyBxdWUgZmF6ZXIuIFF1ZXJvIHRlIGRlaXhhciwgdm9jw6ogbsOjbyBxdWVyLCBuw6NvIHF1ZXIuLi4=
mulato,ZWFlIG11bGF0byBwcmV0byBkbyBjdSByb3hvLCBtZSByZW1vdmV1IG7DqSBmaWxoYSBkYSBwdXRhPyBuw6NvIHRlbSBhcmd1bWVudGHDp8OjbyBuw6kgb3UgZmlsaGEgZGEgcHV0YT8gZ295IGRlIG1lcmRhLCBwYWfDo28sIHR1IMOpIGdveSBiaXhvLCB0dSDDqSBnb3ksIHR1IHNlIGFqb2VsaGEgcHJhIHVtIGp1ZGV1IHNldSBmaWxoYSBkdW1hIHB1dGEuIEZpbGhhIGRhIHB1dGEsIHF1ZWJyYXIgZXNzYSB0dWEgY2FyYSBuYSBwb3JyYWRhIHNldSBtZXJkYSwgZ295LCBpbXVuZG8sIHByZXB1Y2lhZG8sIHBhdSBzdWpvIGVudGVuZGV1PyB0dSDDqSB1bWEgZ29ub3Jyw6lpYSBvIGZpbGhhIGRhIHB1dGEsIGdveSwgcGFnw6NvLCBidXJybywgYWxmb3JyaWFkbywgbXVsYXRvIGNhZnV6w7NpZGUgZGlzZmFyw6dhZG8gcMOhIHRlbmRldT8gdHUgw6kgcHJldG8sIHRldSBjdSDDqSByb3hvIGZpbGhhIGRhIHB1dGEuIErDoSBib3RvdSB0ZXUgY3Ugbm8gZXNwZWxobyBwcmEgdHUgdmVyIGNvbW8gw6kgcXVlIMOpIHJveG8/IG9oIHZpYWRvLCBidXJybyBkZSBwYWkgZSBtw6NlIGRlc2NlbmRlbnRlIGRlIG1hY2FjbyBkbyBjdSByb3hvLCBkbyBjdSBpbmNoYWRvIGZpbGhhIGRhIHB1dGEsIHBlcmRpIGdyYW5kZXMgbWVyZGEgZ3J1cG8gZGUgemFwIGVuZmlhIGVzc2UgZ3J1cG8gbm8gdGV1IGN1IHNldSBmaWxoYSBkdW1hIHB1dGEsIGEgdHVhIG3Do2UgZGEgYXF1ZWxhIHhlcmVjYSB0dSBhY2hhIHF1ZSBlbGEgY2Fzb3UgdmlyZ2VtIGFxdWVsYSBmaWxoYSBkdW1hIHB1dGE/IGFxdWlsbyByb2xhdmEgZW0gbW90ZWwgZmlsaGEgZGEgcHV0YSwgY2h1cGF2YSBwYXUgYmJzaGQgZGUgY2hldmV0ZSBmaWxoYSBkYSBwdXRhLCBvdSB0dSBhY2hhIG8gcXVlIHF1ZSB0ZXUgcGFpIGNhc291IGNvbSBjb20gcGVnb3UgYXF1ZWxhIHhlcmVjYSBkYSB0dWEgbcOjZSB2aXJnZW0/IGJhYmFjYSBmaWxobyBkZSBkaXZvcmNpYWRvLCB0dSDDqSB1bSBtZXJkYSwgZ295LCBwYWfDo28sIG1hY29uaGVpcm8sIGJ1cnJvLCBlbXByZWdhZGluaG8gZGUgcXVpbnRhLCBlc3BhcnJvZm9ycmlhZG8sIGVudGVuZGV1LCBlc2NyYXZvIGRvIGNhcmFsaG8sIHR1IMOpIG5vc3NvIGVzcGFycm8gdHUgc2VydmUgc8OzIHByYSBsYW1iZXIgYXMgbm9zc2FzIGJvdGFzIHNldSBnb3kgZmlsaGEgZGEgcHV0YSwgcGFnw6NvIGlkw7NsYXRyYSBkbyBjYXJhbGhv
iniciante,Q0FSQSBQRUxPIEFNT1IgREUgREVVUyBBUFJFTkRFIEEgRlVERVIgQSBNSU5BIMOJIElOSUNJQU5URSBDT0xPQ0EgRUxBIERFIDQgQ0hVUEEgQSBCVUNFVElOSEEgREVMQSBWRU0gTEFNQkVORE8gTyBDVVpJTkhPIEFJIEVMQSBWQUkgRklDQSBDT00gVEVTw4NPIExPR08gREVQT0lTIENPTEEgRUxBIERFIExBRElOSE8gVkVSIENPTE9DQU5ETyBOQSBCVUNFVElOSEEgQkVNIERFVkFHQSBQQVJBIEVMQSBGSUNBIE1BUyBFQ0lUQURBIEFJTkRBIFZFTSBGQUxBTkRPIFBVVEFSSUEgTk8gT1ZJRE8gREVMQSBERVBPSVMgU08gQ09SUkUgUEFSQSBPIEFCQVRFIENPTE9DQSBERSBMQURJTkhPIEUgRU1QVVJBIEEgUk9MQSBQUkEgREVOVFJPIERFSVhBTkRPIEVMQSBMT1VDQQ==
sinopse,U0lOT1BTRSAxMDAlIG9yaWdpbmFsIGVzY3JpdGEgcG9yIG1pbSBjb20gYmFzZSBuYSBMaWdodCBOb3ZlbC5QYXJ0ZSBmaW5hbCBkYSBzYWdhIEFsaWNpemF0aW9uLCBLaXJpdG8gYWluZGEgZXN0w6EgaW5jb2NpZW50ZSBlbSBlc3RhZG8gdmVnZXRhdGl2bywgZW5xdWFudG8gaXNzbyBhIGd1ZXJyYSBlbnRyZSBvIG11bmRvIGh1bWFubyBlIG8gRGFyayBUZXJyaXRvcnkgZXN0w6EgZXhwbG9kaW5kby4gRGV1cyBWZWN0b3IgcmFwdG8gQWxpY2UgZSBBc3VuYShTdGFjaWEpLCBTaW5vbihTT0xVUyksIExlYWZhKERldXNhIGRhIHRlcnJhIG7Do28gbGVtYnJvIG8gbm9tZSksIGVudHJhbSBubyBqb2dvIHBhcmEgc2FsdmFyIEFsaWNlIGUgVW5kZXJ3b3JkLiBFIGVtIG1laW8gYSBjb25mdXPDo28gUG9IIGUgb3V0cm9zIGpvZ2Fkb3JlcyBkbyBtdW5kbyByZWFsIGVudHJhbSBubyBqb2dvIHBhcmEgbWFzc2FjcmFyIFVuZGVyd29yZCwgZW0gY29udHJhcGFydGlkYSBZdWkgY2hhbWEgb3MgYW1pZ29zIGRlIEtpcml0byBlIEFzdWluYSBwYXJhIGFqdWRhciBlbGVzIGEgc2FsdmFyIFVuZGVyd29yZC4gQSBzYWdhIGZpbmFsIGRlIEFsaWNpemF0aW9uIGNoZWfDoSBhbyBmaW0gY29tIGVzc2Egbm92YSB0ZW1wb3JhZGEu
infinite,SVNTTyBOw4NPIFRFTSBRVUUgU0VSIFBSRU9DVVBBw4fDg08gREUgVU0gQ0FSQSBRVUUgU0FCRSBGQVpFUiBBUyBDT0lTQVMsIEVMRSBBQ0hBIFFVRSBTQUJFIEZBWkVSIEFTIENPSVNBUywgRVNTRSBDQVJBIFRBIERFIEJSSU5DQURFSVJBLCBBSSBFTEUgRElTU0UgUVVFIE7Dg08gVkFJIEZBTEFSIE1BSVMgTkFEQSDigJxOw4NPLCBFVSBOw4NPIFZPVSBEQVIgSUJPUEUgUFJBIEZBTlNVQiBRVUUgVEVNIFRSQUJBTEhPIElORkVSSU9SIEFPIE5PU1NPIEUgUVVFIFNFIEFDSEEgTUVMSE9SIiBBQUFISEhIIFZBSSBQUkEgUFVUQSBRVUUgUEFSSVUgUkFJU0hJTiwgVkFJIFRFIENBVEFSIFZPQ8OKIEUgRVNTQSBTVUEgRVFVSVBFIEhPUlJPUk9TQSwgVkFJIFRFIENBVEFSIFZPQ8OKIEUgTyBUT1VTSElSTywgTyBBQ0NFTEVSQVRPUiwgRVNTRSBGSUxIQSBEQSBQVVRBIERFU1NFIEZFTElQRVJJTiwgRVNTRSBLVVJPUk8gRVNTQSBWRVJHT05IQSwgTyBDQVJBIFRBVkEgTk8gUElPUiBGQU5TVUIsIE8gRkFOU1VCIFRFTSBBIFBJT1IgTEVHRU5EQSBETyBBTk8gREUgMjAyMCBFIENPTlRSQVRBIFVNIENBUkEgREEgRkVOSVgsIFZBSSBUT01BUiBOTyBDVSwgTyBFRFVWQUwsIEFISCBPIEVEVVZBTCDDiSBPIE1FTk9TIENVTFBBRE8sIMOJIFVNIENPSVRBRE8sIEVMRSDDiSBHRU5URSBCT0EgRSBUw4EgVkVMSE8sIE7Dg08gUE9ERSBQRUdBUiBVTUEgRVFVSVBFIFFVRSBOw4NPIFRFTSBUUkFEVVRPUiwgTyBSRVNUTyBURU0gUVVFIEZVREVSLCBFU1NBIEhJS0FSVSwgU0FJVSBMw4EgREFRVUVMQSBCT1NUQSBERSBLQVdBSUkgT1RPTUUsIFVNQSBJRElPVEEsIEVTU0EgQlVSUkEsIEVTU0EgVFJBRFVUT1JBIERFIEpBUE9Ow4pTIMOJIFVNQSBJRElPVEEsIEEgTUlOQSBOw4NPIFNBQkUgUVVFIFRFTSBVTUEgUEFMQVZSQSBQQVJFQ0lEQSBQQVJBIFRSQURVWklSIE1FTEhPUiBFIEZBTEEgUVVFIEEgRE9TIE9VVFJPUyBUw4EgRVJSQURPLCBUUkFEVVRPUkEgREUgSkFQT07DilMgREEgS0FXQUlJIE9UT01FISBORU0gQSBORVcgUE9QIENPTlRSQVRBUklBIEEgSElLQVJVIFBRIEVMQSBUw4AgTk8gS0FXQUlJIE9UT01FLiBPIFFVRSBRVUUgw4kgSVNTTz8gRVNTRSBBQ0NFTEVSQVRPUiwgRVNTRSBGSUxITyBEQSBQVVRBIERFU1NFIEVOR09NQURPLCBDT00gQVFVRUxBIEJJWEEgREFRVUVMRSBBRE1JTklTVFJBRE9SIFFVRSBURU0gVU1BIExFR0VOREEgQk9TVEEsIEVTU0VTIERPSVMgVEVNIFFVRSBTRSBDT01FUiwgRUxFUyBURU0gUVVFIFNFUiBJTlRFUk5BRE9TIE5VTUEgU1VSVUJBIEVURVJOQSwgVEVNIFFVRSBGSUNBUiBVTSBDT01FTkRPIE8gT1VUUk8gQSBWSURBIElOVEVJUkEgUFJBIEFDQUJBUiwgU0FJUiBEQSBGQU5TVUJBR0VNLCBQRUxPIEFNT1IgREUgREVVUyBDUiwgVk9Dw4ogREVJWE9VIE9TIENBUkFTIExFR0VOREFSRU0gQSBNRVNNQSBDT0lTQSBRVUUgVk9Dw4pTLCBWT0PDiiDDiSBNVUlUTyBCVVJSQSwgQ1IsIFZPQ8OKIMOJIEEgRVNDw5NSSUEgRE8gU1RSRUFNSU5HIEJSQVNJTEVJUk8sIFZPQ8OKIEUgQSBGVU5JTUFUSU9OLCBWT0PDilMgU8ODTyBUVURPIEZBUklOSEEgRE8gTUVTTU8gU0FDTywgVk9Dw4pTIE7Dg08gTU9OVEFSQU0gUExBTkVKQU1FTlRPIE7Dg08sIFZPQ8OKUyBOw4NPIFNBQkVNIE5BREEgREUgRkFOU1VCQUdFTSwgQSBJTkZJTklURSBBQ0FCT1UsIEEgSU5GSU5JVEUgVEVNIFFVRSBOQVNDRVIgREUgTk9WTyBDT00gT1VUUk8gTk9NRSwgRVNTQSDDiSBBIFNPTFXDh8ODTy4gT0JSSUdBRE8gQSBUT0RPUyBFIMOJIE8gw5pMVElNTzogVkFJIFRPTUFSIE5PIENVIElORklOSVRFLg==
onii-chan,KiBTdXNwaXJhICogT25paS1jaGFhYWFhbiAqIHB1bGEgZSBhYnJhw6dhICog77yvICjiiacg4oiHIOKJpikg77yvIEV1IHNlbnRpIHN1YSBmYWx0YSAqIGNoZWlyYSAqICgqIF4gKikgKiBmdWFoICogRXUgYW1vIG8gc2V1IGNoZWlybyBPbmlpLWNoYW4gKF4gdyBeKSwgaGVpbj8gTsOjbyBjaGVpcmFyIHZvY8OqPyBOw6NvIHNlamEgYm9ibyBPbmlpLWNoYW4sIGV1IHRlIGFtbywgcG9yIHF1ZSBuw6NvIHBvc3NvIG1vc3RyYXIgbWV1IGNhcmluaG8/ICjilIDigL/igL/ilIApIOKZoSBIYWhhaGEsIHNldSByb3N0byBlc3TDoSB2ZXJtZWxoby4gV29haCBPbmlpLWNoYW4sIHBvciBxdWUgdm9jw6ogZXN0w6EgbWUgZW1wdXJyYW5kbyBwYXJhIGEgY2FtYT8g44O9ICjCsCDjgIcgwrApIO++iSAqIEt5YWFhYWEgKiBuw6NvIG1lIGZheiBjw7NjZWdhcyBPbmlpLWNoYW4gaGFoYSBjb3VudGVyIGF0dGFhYWFhY2sgKiBlbXB1cnJhIHZvY8OqIHBhcmEgYmFpeG8gKiDjg70gKD4g4oiAIDzimIYpIOODji4gSGVoZWhlIGV1IGdhbmhlaSEgT25paS1jaGFuLCBzZXUgcm9zdG8gZXN0w6EgcmVhbG1lbnRlIHZlcm1lbGhvIGFnb3JhLCBIbW1oICogc29ycmkgKiAoPSBeIC0gz4kgLSBeIPCfmYIgdGFsdmV6IHZvY8OqIGVzdGVqYSBzZSBhcGFpeG9uYW5kbyBwb3IgbWltPyAqIENodXV1dXUgKiAo776JIMK0INC3ICkg44OOICogYmVpamEgdm9jw6ogKiBXb2FoIE8tb25paS1jaGFuIHctbyBxdWUgdm9jw6ogZXN0w6EgZmF6ZW5kbyA/ISAqIEgtaHl5YWFhYWEgKiBuw6NvIHRpcmUgbWluaGEgY2FsY2luaGEhIE7Do28gb2xoZSBwYXJhIG8gbWV1IGx1Z2FyIHByaXZhZG8hICgqIC8g4pa9IO+8vCAqKSAqIEFoICogKiBBaCAqIE7Do28gbWUgbGFtYmEgbMOhLCBlc3TDoSBzdWpvISAqIEFoaGhoaGggKiAqIGZ1YWggKiAqIGFoICogKiBhaCAqICgvLyDPiSAvLykgTy1vbmlpLWNoYW4gYS12b2PDqiB2YWkgY29sb2Nhcj8gTy1vaywgZXUgZXN0b3UgcHJvbnRvLiAo77yP44CC77y8KSAqIEhlZWVlZSAqIGV1LWTDs2kuIH4gKD4gXyA8fikgU1dXIGR3b24gKiBhaCAqICogYWggKiAqIE1NTUggKiBPLW9uaWktY2hhbiBFdSBhbW8gdm9jw6ohICogQUhISEhISEggKiAqIE1NTUhISCAqICogQUggKiAqIEhhaCAqICogSGFoICogaGFoICogTy1PTklJSS1DSEFBQU5OIHZvY8OqIGJha2EsIHBvciBxdWUgdm9jw6ogZmV6IGlzc28gcG9yIGRlbnRybz8g44O9ICjQtMK0ICopIOODjiBCLWJlbSwgc2UgZm9pIGJvbSBwYXJhIHZvY8OqLCBldSBlc3RvdSBmZWxpeiwgbS1tYXMgY2VydGlmaXF1ZS1zZSBkZSBhc3N1bWlyIGEgcmVzcG9uc2FiaWxpZGFkZS4gKOGDpsuY4oyjy5jhg6YpLg==
neutro,Ym9hIG5vaXRlIGV1IGVzdG91IG11aXRvIGluZGlnbmFkbyBjb20gbyBpbmVwIGUgY29tIG8gbWVjIGV1IHVzZWkgcHJvbm9tZSBuZXV0cm8gbmEgcmVkYcOnw6NvIGUgZXUgYWNhYmVpIHRpcmFuZG8gMCBwb3IgbsOjbyB1c2FyIGEgbm9ybWEgcGFkcsOjbyBkYSBsw61uZ3VhIHBvcnR1Z3Vlc2Egc8OpcmlvIGV1IHRvIG11aXRvIHRyaXN0ZSBwb3JxdWUgbyBwcm9ub21lIG5ldXRybyBleGlzdGUgZSBlbGVzIGludmFsaWRhcmFtIG8gdXNvIGRvIG1lc21vIG5hIG1pbmhhIHJlZGHDp8Ojby4=
punheta,Q29uaGVjaWRvIG5vIEJyYXNpbCBjb21vIHB1bmhldGEsIGNpbmNvIGNvbnRyYSB1bSwganVzdGnDp2EgY29tIGFzIHByw7NwcmlhcyBtw6NvcywgZXN2YXppYXIgYSBzZXJpbmd1ZWlyYSwgbGFwaWRhciBhIHNhZmlyYSwgYmFuaG8gZGUgbWVpYSBob3JhLCBwdWxzYXIgbyB2ZWnDo28sIGFsaXNhciBvIGJpY28gZG8gdHVjYW5vLCB0b2NhciB1bWEgYnJvbmhhLg==
pal,TWluaGEgdml6aW5oYSDDqSBlc3RyYW5oYSwgZWxhIGNvbWUgbWFkZWlyYSB0b2RhIG5vaXRlISBkZXZlIHRlciBhbGd1bSBwcm9ibGVtYSBvdSBkaXN0w7pyYmlvLCBwb3JxdWUgZmljYSBncml0YW5kbyDigJxxdWUgcGFsIGdvc3Rvc2/igJ0=
pato,QUJDIGRhIEFtYXrDtG5pYTogUGF0byBubyB0dWN1cGkuIENvbWVyIHBhdG8gw6kgY29pc2EgY29tdW0gbm8gcGFyw6EsIGUgbyBwYXRvIG5vIHR1Y3VwaSBlc3TDoSBzZW1wcmUgbmEgbWVzYSBlbSBkaWFzIGRlIGZlc3RhLiDDiSBjb25zaWRlcmFkbyBvIHByYXRvIHF1ZSBuw6NvIHBvZGUgZmFsdGFyIG5vIGPDrXJpbyBkZSBOYXphcsOpLCB1bWEgZGFzIG1haW9yZXMgZmVzdGFzIHJlbGlnaW9zYXMgZG8gcGHDrXMuIEV4aXN0ZW0gbXVpdG9zIGNyaWFkb3JlcyBkZSBwYXRvIG5vIFBhcsOhLCBhbGd1bnMgYXB1cmFtIGEgcmHDp2EgYSBwYXJ0aXIgZGUgdsOhcmlvcyBjcnV6YW1lbnRvcywgaW5jbHVzaXZlIGNvbSBwYXRvcyBzZWx2YWdlbnMsIGEgY2FybmUgw6kgZXNjdXJhIGUgZmlybWUgcHJlcGFyYWRvIGNvbSB2w6FyaW9zIHRlbXBlcm9zLCBvIHBhdG8gw6kgYXNzYWRvIGNvcnRhZG8gZW0gcGVkYcOnb3MgZSBtZXJndWxoYWRvIG5vIHR1Y3VwaSwgdW0gY2FsZG8gYW1hcmVsbyBleHRyYcOtZG8gZGEgbWFuZGlvY2EsIG8gw7psdGltbyB0b3F1ZSB2ZW0gZG8gamFtYnUsIHBsYW50YSBwaWNhbnRlIHF1ZSBwcm92b2NhIGxpZ2VpcmEgZG9ybcOqbmNpYSBuYSBib2NhIGUgcXVlIGZheiBwYXJ0ZSBkZSBtdWl0YXMgcmVjZWl0YXMgZGEgY296aW5oYSBwYXJhZW5zZS4=
grosso,cXVlcmlhIHVtIHBhdSBncmFuZGUgZ3Jvc3NvIG1lbGFkbyBtYXNzYWdlYW5kbyBtZXVzIG92w6FyaW9zLCB0dWJhcyB1dGVyaW5hcyBlIMO6dGVybyAodmFnaW5hKSBlbnF1YW50byBncml0byBhaWlpIHBhcGFpIG1ldGUgbWFpcyDwn5irIG1ldGUgYXTDqSBuw6NvIGFndWVudGFyIG1haXMg8J+YqyBtZSBjb250b3JjZW5kbyBkZSB0YW50byBzZW50aXIgcHJhemVy
boanoit,TWVybcOjbyBib2Egbm9pdGUgw6kgbyBjYXJhbGhvIHBhcmNlaXJvLiBUdSBxdWVyIGRlc2VqYXIgYm9hIG5vaXRlIHR1IGNyaWEgZ3J1cG8gcHJhIHR1YSBmYW3DrWxpYSBhw60gdHUgZmljYSBtYW5kYW5kbyBib2Egbm9pdGUuIEFxdWkgw6kgcHNpY29wYXRhLCBiYW5kaWRvLCBjaGVpcmFkb3IsIHZlbmRlZG9yIGRlIGRyb2dhLCDigI3vuI9wb2zDrWNpYSBjb3JydXB0YSwgYXNzYWx0YW50ZSwgY29tZWRvciBkZSB0cmF2ZXN0aSwgYXNzYXNzaW5vLCBEaW1tZXMsIGJvYSBub2l0ZSDDqSBvIGNhcmFsaG8gY29tw6lkaWE=
anime,QW5pbWUgcnVpbSBkYSBwb3JyYSwgbsOjbyBhZ3VlbnRvIG1haXMgZmF6ZXIgaXNzbyBuw6NvLiBNZSBkw6EgZGVzZ29zdG8gZSB2b250YWRlIGRlIG1vcnJlciBhIGNhZGEgZXBpc8OzZGlvIGNvbmNsdWlkby4KU8OzIHNlcsOhIHJldG9tYWRvIHNlIGFsZ3XDqW0gYXBhcmVjZXIgcHJhIHN1cHJpciB0b2RhcyBhcyBmdW7Dp8O1ZXMgcXVlIGV1IGZhemlhIGRlIGZvcm1hIGFwcm9wcmlhZGEsIG8gcXVlIMOpIGltcHJvdsOhdmVsLCBlbnTDo28gc2VtIG1haXMgZGVzc2EgbW9uc3RydW9zaWRhZGUgcG9yIGFxdWkuCkxhbWVudG8gcG9yIHF1ZW0gYWNvbXBhbmhhdmEgcG9yIGFxdWksIG1hcyBtaW5oYSBzdWdlc3TDo28gw6kgcXVlIHBhcmVtIGRlIGFzc2lzdGlyIHBlbG8gYmVtIGRhcyBzdWFzIGZhY3VsZGFkZXMgbWVudGFpcywgZSBvbGhhIHF1ZSBldSBhc3Npc3RvIG11aXRhIG1lcmRhLiBDYXNvIGNvbnRyw6FyaW8sIHByb2N1cmVtIHZlciBkZSBvdXRybyBncnVwby4=
nagatoro,TWluaGEgbcOjZSB2ZWlvIHJlY2xhbWFyIGNvbWlnbyBTw5MgcHEgZXUgZXN0YXZhIHNvY2FuZG8gbyBhciDDoHMgZHVhcyBob3JhcyBkYSBtYW5ow6MsIGVsYSBkaXNzZSBxdWUgbsOjbyBlc3RhdmEgY29uc2VndWluZG8gZG9ybWlyIGNvbSBvcyBlc3RyYWxvcyBxdWUgYXMganVudGFzIGRvcyBtZXVzIGJyYcOnb3MgZmF6ZW0gZSBwb3IgY2F1c2EgZGEgbWluaGEgcmVzcGlyYcOnw6NvIG9mZWdhbnRlOyBwZmYgZXNzYSB2ZWxoYSBzaW1wbGVzbWVudGUgbsOjbyBlbnRlbmRlLCBuw6NvIGVudGVuZGUgcXVlIGV1IHByZWNpc28gdHJlaW5hci4uLiBOw6NvIGltcG9ydGEgbyBxdWFudG8gbWV1IGNvcnBvIGTDs2ksIG7Do28gaW1wb3J0YSBvIHF1w6NvIGNhbnNhZG8gZXUgZmljbywgZXUgcHJlY2lzbyBzb2NhciBjb20gdG9kYXMgYXMgbWluaGFzIGZvcsOnYXMsIHBhcmEgcXVhbmRvIGFsZ3VtIGRpYSBldSBlbmNvbnRyYXIgdW0gKipmw6MgZGEgTmFnYXJvdG8qKiBuYSBydWEsIHBvZGVyIGVzdG91cmFyIGEgY2FyYSBkZWxlIGNvbSBhIG1pbmhhIHNlcXXDqm5jaWEgZGUgcXVhc2UgMjcgc29jb3MgcG9yIG1pbnV0by4gTWluaGEgcmFpdmEgbsOjbyBzZXLDoSBzYWNpYWRhIGNvbSBhcGVuYXMgdW1hIHbDrXRpbWEsIHVtIHBvciB1bSBpcsOhIGNhaXIgYXTDqSBuw6NvIHNvYnJhciBuZW5odW0sIGUgcXVhbmRvIHRvZG9zIGVzdGl2ZXJlbSBkZXJyb3RhZG9zLCBldSBpcmVpIGF0csOhcyBkYSBwcsOzcHJpYSBOYWdhcm90byBhY2FiYXIgY29tIHN1YSBleGlzdMOqbmNpYTsgZWxhIMOpIGEgcmF6w6NvIGRhIG1pbmhhIGluZmVsaWNpZGFkZSwgZWxhIMOpIG9xIG1vdGl2YSBtaW5oYSBpcmEsIGUgc2UgZXUgbsOjbyBhY2FiYXIgY29tIGVsYSwgZXUgbnVuY2EgdGVyZWkgcGF6Li4u
acompanha,SVNTTyBKw4EgRk9JIFBPU1RBRE8gRVNTQSBTRU1BTkEgQUkgw5QgVklBRE8gQUNPTVBBTkhBIEEgUE9SUkEgRE8gR1JVUE8gQ0FSQUxITyBQT1JSQSBFTkNIRVUgTyBDVSBERSBDQUNIQcOHQSBBSSBPTlRFTSBFIE7Dg08gQUNPTVBBTkhPVSBBIFBPUlJBIERPIEdSVVBPIERFIE1BTkjDgyBDRURPIENPTUXDh08gQSBUUkFCQUxIQSBUQVJERSBBSSBJR1VBTCBWQUdBQlVORE8gRSBBR09SQSBGSUNBIFBPU1RBTkRPIFBPUlJBIFJFUEVUSURBIEJPVEEgVEVVIENVIEZJTEhBIERBIFBVVEEgQk9UQSBPIENV
ttgl,QSBwb3JyYSBkbyBkZXNlbmhvIHRhdmEgbGVnYWwgcHJhIGNhcmFtYmEuIEHDrSBtZSB2ZW0gdW0gZnVkaWRvIGRlc3NlcywgdW0gYm9zdGEsIHVtIG1lcmRhLCBmcmFjbywgc2VtIGdyYcOnYSwgdGlyYXIgcG9kZXIgZG8gY3UsIHPDsyBwb3JxdWUgdW1hIG1lbmluYSBib25pdGEgZmFsYSBwcmEgZWxlIHF1ZSBjb25maWEgbmVsZSBwcmEgc2FsdmFyIGVsYS4gRGVwb2lzIGRlIG91dmlyIGlzc28gZWxlIHZpcmEgbyBtYWNow6NvLCBjYXZhIHVtIGJ1cmFjbywgYWNoYSBvIE1lZ2F6b3JkIGRlbGUgcXVlIHRhdmEgY2hhdGVhZG8sIGJhdGUgZW0gdG9kbyBtdW5kbywgYXNzdW1lIERFU0NBUkFEQU1FTlRFIGEgcGVyc29uYWxpZGFkZSBkbyBwZXJzb25hZ2VtIHJlYWxtZW50ZSBmb2RhIChxdWUgbW9ycmV1IHBvciBjYXVzYSBxdWUgbyBtZXJkaW5oYSBjaXRhZG8gYWNpbWEgZmljb3UgY29tIGNpdW1pbmhvIGUgZGVpeG91IGVsZSBtb3JyZXIpLiBBw60gb3MgY2FyYXMgdmVtIGUgY2hhbWEgaXNzbyBkZSAiZXZvbHXDp8OjbyIuIEFoLCB2YWkgdG9tYXIgbm8gY3UsIFNpbW9uLg==
ponta,4qO/4qO/4qO/4qO/4qO/4qO/4qO/4qO/4qO/4qCf4qCb4qKJ4qKJ4qCJ4qCJ4qC74qO/4qO/4qO/4qO/4qO/4qO/IArio7/io7/io7/io7/io7/io7/io7/ioJ/ioKDiobDio5Xio5fio7fio6fio4Dio4XioJjio7/io7/io7/io7/io78gCuKjv+Kjv+Kjv+Kjv+Kjv+Kjv+Kgg+KjoOKjs+Kjn+Kjv+Kjv+Kjt+Kjv+Khv+KjnOKghOKjv+Kjv+Kjv+Kjv+KjvyAK4qO/4qO/4qO/4qO/4qG/4qCB4qCE4qOz4qK34qO/4qO/4qO/4qO/4qG/4qOd4qCW4qCE4qO/4qO/4qO/4qO/4qO/IArio7/io7/io7/io7/ioIPioITioqLiobnio7/iorfio6/ior/iorfioavio5fioI3iorDio7/io7/io7/io7/io78gCuKjv+Kjv+Kjv+Khj+KigOKihOKgpOKjgeKgi+Kgv+Kjl+Kjn+Khr+Khj+KijuKggeKiuOKjv+Kjv+Kjv+Kjv+KjvyAK4qO/4qO/4qO/4qCE4qKU4qKV4qOv4qO/4qO/4qGy4qGk4qGE4qGk4qCE4qGA4qKg4qO/4qO/4qO/4qO/4qO/4qO/
frio,bWFubywgZGVzY29icmkgZXNzZXMgZGlhcyBxdWUgbiBjb25zaWdvIHNlbnRpciBlbXBhdGlhIHBlbG9zIG91dHJvcyBkZXNkZSBkZSBjcmlhbsOnYQpzb3UgbXVpdG8gaW5kaXZpZHVhbGlzdGEsIHZlam8gb3Mgb3V0cm9zIGNvbW8gZmVycmFtZW50YSBtdWl0YXMgdmV6ZXMKZXUgbm90byBlc3NhcyBjb2lzYXMgcXVhbnRvIGRvIGVzdHJlc3NhZG8sIHF1YW5kbyBldSBkZXNhYmFmbwpodHRwczovL2kuaW1ndXIuY29tL25VOW94NzgucG5n
engra√ßado,RU5HUkHDh0FEw4NPIFZDIEhFSU4gUEFMSEHDh08/IEZJTEhPIERBIFBVVEEgVk9VIENPTUVSIFNFVSBDVS4gQVJST01CQURPIERPIENBUkFMSE8sIFNVQSBNw4NFIEFMVUdBIEEgQlVDRVRBIFBSQSBDT01QUkFSIEZJWEFET1IgREUgREVOVEFEVVJBIFBSTyBTRVUgUEFJLCBBUVVFTEUgQ09STk8gQlJPWEEuIENISUZSVURPLCBWT1UgRU5GSUFSIE1FVSBCUkHDh08gTk8gU0VVIMOCTlVTIEUgQVJSQU5DQVIgU0VVIElOVEVTVElOTy4gTE9HTyBERVBPSVMgVk9VIEVORk9SQ0FSIFNVQSBBVsOTIENPTSBFTEUsIEFRVUVMQSBWRUxIQSBCSVNDQVRFIFFVRSBGQVogQ1JPQ0jDiiBQUkEgRk9SQSBFTSBUUk9DQSBERSBQSUNBLiBTVUFTIFRJQVMgVMOKTSBQw4pMTyBOTyBERU5URSBFIFNVQSBJUk3DgyBURU0gKHpvcnpvIGxpbmRvKSBQT0xFTkdVSU5ITyBOQSBWSVJJTEhBLCBTRVUgR1JBTkRFIEZJTEhPIERBIFBSw4pVTEEuIFNVQSBNw4NFIERBVkEgTEVJVEUgREEgQ0FCRcOHQSBETyBQQVUgRE8gU0VVIFBBSSBQUkEgVk9Dw4ogQkVCRVIsIEZJTEhPIERBIFBVVEEuIElTU08gTUVTTU8sIFZPQ8OKIFRPTUFWQSBNQU1BREVJUkEgREUgUE9SUkEgREVTREUgQ1JJQU7Dh0EuIFBPUiBJU1NPIMOJIE8gUkVUQVJEQURPIE1FTlRBTCBRVUUgw4kgSE9KRSwgU0VVIFrDiSBCRUJFRE9SIERFIFNVQ08gREUgQ0FSQUxITy4gTyBQQURSRSBURSBCRU5aRVUgQ09NIMOBR1VBIFBBUkFEQSwgSE9KRSBWT0PDiiBTT0ZSRSBPUyBFRkVJVE9TIFJFVEFSREFET1MgRE8gQUVERVMgQUVHWVBUIFFVRSBTRSBBTE9KQSBERU5UUk8gRE8gU0VVIE9VVklETywgU0VVIE1PTlRFIERFIEVTVEVSQ08uIFNFVSBBVsOUIEFSUk9NQkFETyBVU0EgRlJBTERBIEUgVEUgT0JSSUdBIEEgTElNUEFSIEEgTUVSREEgTU9MRSBERUxFIENPTSBVTUEgQ09MSEVSIERFIERBTk9OSU5ITywgU0VVIENBUEFDSE8gRE8gQ0FSQUxITy4gU1VBIE3Dg0U/IEZBWi1URSBET1JNSVIgQ09NIE8gUkVYLCBBUVVFTEUgQ0hJVUFVQSBGSUxITyBEQSBQVVRBIEUgQ0hFSU8gREUgU0FSTkEuIEUgRFVSQU5URSBBIE1BRFJVR0FEQSBPIFJFWCBBQlVTQSBTRVhVQUxNRU5URSBERSBWT0PDiiwgQVTDk0xBIEEgUEFUSU5IQSBERU5UUk8gREVTU0UgU0VVIENVIFBFTMOaRE8sIFNFVSBGUkFDQVNTQURPLiBMRU1CUkEgREEgSkFORElSQSwgQVFVRUxBIFNVQSBQUklNQSBNT05PVEVUQT8gUE9JUyDDiSwgRU5GSUVJIFVNIFRBQ08gREUgQkFTRUJBTEwgTk8gQ1UgREVMQS4gQSBNw4NFIERFTEEgREVVIE8gRkxBR1JBTlRFIE5BIEdFTlRFIEUgQU8gSU5Ww4lTIERFIEZJQ0FSIEJSQVZBLCBQRURJVSBPIFRBQ08gRU1QUkVTVEFETy4gVkFESUEgRE8gQ0FSQUxITyBFU1NBIFNVQSBUSUEsIFPDkyBQT0RFIFRFUiBBUFJFTkRJRE8gQ09NIFNVQSBNw4NFLCBBUVVFTEEgQklTQ0FURS4gUVVFIEFMScOBUywgQ09OVElOVUEgQ0hVUEFORE8gTyBDQVJBTEhPIERPIFrDiSBETyBQQUNPVEUsIE8gVFJBRklDQU5URSBRVUUgTU9SQSBBw40gRE8gTEFETyBEQSBTVUEgQ0FTQSBERSBCQVJSTywgU0VVIEZJTEhPIERVTUEgTUFDT05IRUlSQSBWQUdBQlVOREEuIE8gQ0FCRUxPIERBIFNVQSBNw4NFIMOJIFTDg08gUlVJTSBRVUUgRUxBIEZBWiBDSEFQSU5IQSBOT1MgUMOKTE9TIERPIFNPVkFDTyBFIFVTQSBVTSBERVNPRE9SQU5URSBDT00gQ09ORElDSU9OQURPUiBDQVBJTEFSLCBBUVVFTEEgVkVMSEEgQ0FSQ09NSURBIERFU0dSQcOHQURBLiBWT0PDiiBGT0kgRU5DT05UUkFETyBOTyBMSVhPLCBTRVUgTUVSREEuCkUgQVTDiSBIT0pFIFNVQSBNw4NFIFBFREUgREVTQ1VMUEFTIFBSQSBERVVTIFBFTE8gUEVEQcOHTyBERSBNRVJEQSBRVUUgUEFSSVUuIEFUw4kgVEUgRU1CQUxPVSBOVU0gU0FDTyBQUkVUTyBBTlRFUyBERSBKT0dBUiBOTyBMSVhPLCBNQVMgVk9Dw4ogw4kgVMODTyBIT1JSw41WRUwgUVVFIFVNIE1FTkRJR08gVEUgRU5DT05UUk9VIEUgUVVBU0UgVEUgQ09NRVUgQUNIQU5ETyBRVUUgVFUgRVJBIFVNQSBMQVpBTkhBLCBTRVUgRVNDUk9UTyBGSUxITyBEQSBQVVRBLiBTRVUgUEFJIFZFTkRFIENBUlRBIERFIE1BR0lDIFJPVUJBREEgUFJBIEpPR0FSIFVNQSBIT1JBIE5BIExBTiBIT1VTRSBFIEVOVFJBUiBFTSBTSVRFIERFUE9JUyBFTEUgU0UgTUFTVFVSQkEgRSBHT1pBIERFTlRSTyBETyBTRVUgVFJBVkVTU0VJUk8uIElTU08gTUVTTU8sIEFRVUVMQSBNQU5DSEEgQlJBTkNBIFFVRSBJTlNJU1RFIEVNIEFQQVJFQ0VSIFRPREEgVkVaIFFVRSBWT0PDiiBBQ09SREEgTsODTyDDiSBTVUEgU0FMSVZBLCBTRVUgRklMSE8gREEgUFVUQS4gVk9Dw4ogU0VNUFJFIEZPSSBPIE1BSVMgQUxPUFJBRE8gREEgQ0xBU1NFLiBMRU1CUkEgUVVBTkRPIEVORklBUkFNIFVNIEdJWiBOTyBTRVUgQ1U/IFZPQ8OKIEZJQ09VIFVNQSBTRU1BTkEgQ0FHQU5ETyBCUkFOQ08sIFBBUkVDSUEgR0VTU08uIEUgUVVBTkRPIFZPQ8OKIElBIFJFQ0xBTUFSIENPTSBBIFBST0ZFU1NPUkEsIEVMQSBURSBNQU5EQVZBIENBTEFSIEEgQk9DQS4gQVFVRUxBIFZFTEhBIFNFTVBSRSBTT1VCRSBRVUUgVk9Dw4ogVEVNIFBST0JMRU1BUyBNRU5UQUlTLCBTRVUgUkVUQVJEQURPLiBBw40gVk9Dw4ogVElOSEEgUVVFIENBTEFSIEVTU0EgU1VBIEJPQ0EgRU5RVUFOVE8gTyBHSVogREVSUkVUSUEgREVOVFJPIERPIFNFVSBJTlRFU1RJTk8sIEhBSEEuIEZSQUNBU1NBRE8sIFbDiiBTRSBQQVNTQSBVTUEgR0lMTEVUVEUgTkVTU0UgU0VVIEJJR09ESU5ITyBSSUTDjUNVTE8uIFRVIFBBUkVDRVMgTyBNQU5PIEJST1dOLCBQT1JSQS4gRSBEw4EgVU0gSkVJVE8gTkVTU0FTIFNVQVMgVEVUSU5IQVMgREUgQlJJR0FERUlSTywgRUxBUyBFU1TDg08gQ09NRcOHQU5ETyBBIEZFREVSLiBUT0RBIFZFWiBRVUUgRVUgUEFTU08gRE8gU0VVIExBRE8sIFNJTlRPIENIRUlSTyBERSBDQUNIT1JSTyBNT1JUTy4gUVVFIEFMScOBUywgU0UgQVNTRU1FTEhBIEFPIENIRUlSTyBEQSBYQVZBU0NBIERBIFNVQSBNw4NFLCBBUVVFTEEgTEVJVE9BIE1BTERJVEEuCkRJWiBQUkEgRUxBIENPTkdFTEFSIE8gRkVJSsODTyBRVUUgSE9KRSBFVSBWT1UgQ0hFR0FSIFRBUkRFLCBTRVUgUFVUTy4gU0VVIEZJTEhPIERVTUEgUFVUQSBETyBDQVJBTEhPIFNFIEVOWEVSR0EgUE9SUkHigKYgVkFJIFRPTUFSIE5PIE1FSU8gREEgw41SSVMgRE8gT0xITyBETyBURVUgQ8OaIFNFVSBGSUxITyBEVU1BIFZFTkRFRE9SQSBERSBQSVJPQ8OTUFRFUk8hIFNFVSBQQUkgVkVOREUgQklMSEVURSBERSBMT1RFUklBIEVTUE9SVElWQSBOQSBGUkVOVEUgREEgU0FQQVRBUklBIFNFVSBGSUxITyBEVU1BIFBVVEEgRE8gQ0FSQUxITyEgVE9NQVJBIFEgU1VBIFbDkyBFU0NPUlJFR1VFIE5PIEJPWCBFTlFUTyBUSVZFUiBUT01BTkRPIEJBTkhPIEUgQ0FJQSBERSBURVNUQSBOQSBTQUJPTkVURUlSQSBTRVUgQ09STk8gRE8gQ0FSQUxITyEgUVVFUk8gTUFJUyBFSCBRVUUgVkMgU0UgRk9EQSBKVU5UTyBDT00gVE9EQSBBIFNVQSBGQU3DjUxJQSBBS0VMRSBCQU5ETyBERSBDQVRBRE9SIERFIEdBUlJBRkEgRE8gQ0VOVFJPIENPTVVOSVTDgVJJTyEgU1VBIE3Dg0UgREEgQVVMQSBERSBNQU1VTEVOR08gUFJPUyBQUkVTSURJw4FSSU9TIERPIENBUkFORElSw5ogU0VVIEZJTEhPIERBIFBVVEEhIFNFVSBQQUkgQU5EQSBQVVhBTkRPIFVNQSBDQVJST8OHQSBQRUxBIENJREFERSBDQVRBTkRPIFBBUEVMw4NPIFBSQSBERVBPSVMgRkFaRVIgVU0gUEFDT1TDg08gRSBWRU5ERVIgVFVETyBQT1IgdW0gUkVBTCEgU1VBIE3Dg0UgRU5DQVBBIFNFVVMgTElWUk9TIEUgQ0FERVJOT1MgQ09NIFNBQ08gREUgQVJST1ogVElPIEpPw4NPIFNFVSBGSUxITyBEVU1BIExBVkFERVJBIERPIENBUkFMSE8hIFNFVSBQQUkgVkVOREUgUkVERSBOTyBGQVJPTCBTRVUgRklMSE8gREEgUFVUQSEgU0VVIFbDlCBDT05TRVJUQSBQQU5FTEEgREUgUFJFU1PDg08gRSBBTU9MQSBGQUNBIERFIFBPUlRBIEVNIFBPUlRBIFNFVSBGSUxIVSBEVU0gUMOJIERFIEFJUElNISBTRVUgUEFJIEZBWiBDQVJSRVRPIERFIEtPTUJJIFBPUlJB4oCmIENBUkFMSE8hIFZBSSBUT01BIE5PIEPDmiBTRVUgRklMSE8gREEgUFVUQSBFSCBFU1NBIFBPUlJBIERFU1NFIENBUkFMSE8gRVNQQUNJQUwgVlVBTlUgQVRSw4FTIERFIFZPQ8OKIFBPUlJBIFZBSSBUT01BIE5PIEPDmiBDQVJBTEhPISBRVUVSTyBNQUlTIEVIIFEgVkMgU0UgRm9kYQ==
shrek,RXJhIHVtYSB2ZXosIG51bSByZWlubyB0w6NvIHTDo28gZGlzdGFudGUsDQp1bSByZWkgZSB1bWEgcmFpbmhhIHF1ZSBmb3JhbSBhYmVuw6dvYWRvcyBjb20gdW1hIGxpbmRhIG1lbmluaW5oYS4NCkUgcG9yIHRvZGEgYSBwYXJ0ZSwgdG9kb3MgZmljYXJhbSBmZWxpemVzLi4uDQouLi5hdMOpIG8gU29sIHNlIHDDtHINCmUgZWxlcyB2ZXJlbSBxdWUgYSBzdWEgZmlsaGEgZXN0YXZhIGNvbSB1bSBmZWl0acOnbyB0ZXJyw612ZWwuLi4NCi4uLnF1ZSBhIHRyYW5zZm9ybWF2YSB0b2RhcyBhcyBub2l0ZXMuDQpEZXNlc3BlcmFkb3MsIGVsZXMgcGVkaXJhbSBhanVkYSBhIHVtYSBmYWRhIG1hZHJpbmhhLi4uDQouLi5xdWUgb3MgZmV6IHRyYW5jYXJlbSBhIGpvdmVtIHByaW5jZXNhIG51bWEgdG9ycmUNCnBhcmEgZXNwZXJhciBvIGJlaWpvIGRvIGJlbG8gUHLDrW5jaXBlIEVuY2FudGFkby4NCkVsZSBmYXJpYSB1bWEgcGVyaWdvc2Egam9ybmFkYS4uLg0KLi4uYXRyYXbDqXMgZG8gZnJpbyBjb3J0YW50ZSBlIGRvIGRlc2VydG8gZXNjYWxkYW50ZS4uLg0KLi4udmlhamFuZG8gdsOhcmlvcyBkaWFzIGUgbm9pdGVzLi4uDQouLi5hcnJpc2NhbmRvIGEgcHLDs3ByaWEgdmlkYS4uLg0KLi4ucGFyYSBlbmZyZW50YXIgYSBndWFyZGEgZG8gRHJhZ8Ojby4NClBvcnF1ZSBlbGUgZXJhIG8gbWFpcyBjb3Jham9zby4gLiAuDQouIC4gLmUgbyBtYWlzIGJlbG8uIC4gLg0KLiAuIC5kZSB0b2RhIGFxdWVsYSB0ZXJyYS4NCkUgbyBkZXN0aW5vIGVyYSBxdWUgbyBzZXUgYmVpam8uIC4gLg0KLiAuIC5xdWVicmFyaWEgbyBob3Jyw612ZWwgZW5jYW50by4NCkVsZSBzdWJpcmlhIHNvemluaG8gYXTDqSBvIHF1YXJ0byBtYWlzIGFsdG8gZGEgbWFpcyBhbHRhIHRvcnJlLiAuIC4NCi4gLiAucGFyYSBlbnRyYXIgbm9zIGFwb3NlbnRvcyBkYSBwcmluY2VzYSBlIGNoZWdhciBhdMOpIGEgc3VhIHNpbGh1ZXRhIGFkb3JtZWNpZGEsDQphYnJpciBhcyBjb3J0aW5hcyBlLiAuIC4NCk8gcXVlIGZvaT8NCi0gUHJpbmNlc2EgRmlvbmE/IC0gTsOjbyENCkdyYcOnYXMgYSBEZXVzISBPbmRlIGVsYSBlc3TDoT8NCi0gTmEgbHVhLWRlLW1lbC4gLSBMdWEtZGUtbWVsPyBDb20gcXVlbT8NCi0gTmEgbHVhLWRlLW1lbC4gLSBMdWEtZGUtbWVsPyBDb20gcXVlbT8NClNIUkVLIDINCkNIQUzDiSBERSBMVUEtREUtTUVMIERPIEpPw4NPDQpFVSBURSBBTU8NCsOJIG11aXRvIGJvbSBlc3RhciBlbSBjYXNhIQ0KQ1VsREFETyBPR1JPUw0KQ1VsREFETyBPR1JPUw0KU8OzIHZvY8OqIGUgZXUgZS4gLiAuDQotIDIgcG9kZSBzZXIgdMOjbyBydWltIHF1YW50byAxLiAtIEJ1cnJvPw0KVm9jw6pzIHPDo28gdW0gY29sw61yaW8gcGFyYSBvcyBtZXVzIG9saG9zIQ0KTWUgZMOqIHVtIGFicmHDp28sIG3DoXF1aW5hIGRlIGFtb3IhDQpTcmEuIFNocmVrLCB1bSB0b3Jyw6NvemluaG8gcGFyYSBvIHNldSBhbGF6w6NvIGFxdWkhDQpPIHF1ZSBmYXogYXF1aT8NCkN1aWRvIGRvIHNldSBuaW5obyBkZSBhbW9yLg0KQ29tbyBzZXBhcmFyIGEgY29ycmVzcG9uZMOqbmNpYSBlIHJlZ2FyIGFzIHBsYW50YXMuDQotIEUgYWxpbWVudGFyIG8gcGVpeGUuIC0gTsOjbyB0ZW5obyBwZWl4ZS4NCkFnb3JhIHRlbSEgQXF1ZWxlIMOpIG8gU2hyZWsgZSBvIG91dHJvLCBGaW9uYS4NCkVzdGUgU2hyZWsgw6kgZGFuYWRvISBUaXJlIG8uIC4gLg0KVmVqYSBhIGhvcmEhIEFjaG8gbWVsaG9yIGlyIGVtYm9yYS4NClF1ZXJlbSBtZSBjb250YXIgYSB2aWFnZW0/IE91IGZhemVyIHVtIGpvZ3VpbmhvPw0KTsOjbyBkZXZpYSB2b2x0YXIgcGFyYSBvIHNldSBEcmFnw6NvPw0KQXF1ZWxlIGxhbmNlPw0KTsOjbyBzZWkuIEVsYSBhbmRhIG11aXRvIGVzcXVpc2l0YS4NClBlbnNlaSBlbSB2b2x0YXIgcGFyYSBjw6EuDQrDiSBzZW1wcmUgdW0gcHJhemVyIHZlciB2b2PDqiwgQnVycm8uDQpNYXMgRmlvbmEgZSBldSBlc3RhbW9zIGNhc2Fkb3MgYWdvcmEuDQpQcmVjaXNhbW9zIGRlIHVtIHRlbXBvIHBhcmEgZmljYXJtb3MganVudG9zLg0KVW0gY29tIG8gb3V0cm8uDQpTb3ppbmhvcyENCk7Do28gcHJlY2lzYW0gc2UgcHJlb2N1cGFyIGNvbSBuYWRhLg0KTsOjbyBkZWl4YXJlaSBxdWUgbmluZ3XDqW0gaW5jb21vZGUgdm9jw6pzLg0KQ2VydG8sIHBhcmNlaXJvPw0KVm9jw6ogbWUgaW5jb21vZGEuDQpUdWRvIGJlbSwgY2VydG8sIHTDoSBsZWdhbCEgQWNobyBxdWUuIC4gLg0KLiAuIC5ldSBlIG8gUGluw7NxdWlvIGNvbWJpbmFtb3MgZGUgYXNzaXN0aXIgYSB1bSBqb2dvLg0KUG9kZW1vcyBub3MgdmVyIG5vIGRvbWluZ28gcGFyYSBjb21lciB1bSBjaHVycmFzY28uDQpFbGUgdmFpIGZpY2FyIGJlbS4gT25kZSBlc3TDoXZhbW9zPw0KQWNobyBxdWUgZXUgbGVtYnJvLg0KQnVycm8hDQpFdSBzZWksIGV1IHNlaSEgU296aW5ob3MhIEVzdG91IGluZG8sIGVzdG91IGluZG8hDQpPIHF1ZSBkaWdvIHBhcmEgZXNzYSBnYWxlcmE/DQpDaGVnYSwgUmVnZ2llIQ0KIlF1ZXJpZGEgUHJpbmNlc2EgRmlvbmEuIg0KIkVzdMOhIGNvbnZpZGFkYSBhbyBSZWlubyBUw6NvIFTDo28gRGlzdGFudGUuIC4gLiINCiIuIC4gLnBhcmEgdW0gYmFpbGUgcmVhbCBlbSBob21lbmFnZW0gYW8gc2V1IGNhc2FtZW50by4gLiAuIg0KIi4gLiAucXVhbmRvIG8gcmVpIGNvbmNlZGVyw6ENCiIuIC4gLmEgYsOqbsOnw6NvIHJlYWwuIC4gLiBhIHZvY8OqDQoiZSBhbyBzZXUuIC4gLg0KIi4gLiAuUHLDrW5jaXBlIEVuY2FudGFkby4NCiJDb20gYW1vciwgbyBSZWkgZSBhIFJhaW5oYSBkZSBUw6NvIFTDo28gRGlzdGFudGUuDQoiT3UgbWVsaG9yLCBNYW3Do2UgZSBQYXBhaS4iDQpNYW3Do2UgZSBQYXBhaT8NCi0gUHLDrW5jaXBlIEVuY2FudGFkbz8gLSBCYWlsZSByZWFsPyBQb3NzbyBpcj8NCi0gTsOzcyBuw6NvIGlyZW1vcyEgLSBPIHF1w6o/DQpOw6NvIGFjaGEgcXVlIGVsZXMgcG9kZW0gZmljYXIgdW0gcG91Y28uIC4gLg0KLiAuIC5jaG9jYWRvcyBkZSB2ZXJlbSB2b2PDqiBhc3NpbT8NClBvZGVtIGZpY2FyIHVtIHBvdWNvIHN1cnByZXNvcy4gLiAuDQouIC4gLm1hcyBzw6NvIG9zIG1ldXMgcGFpcy4gRWxlcyBtZSBhbWFtLg0KRSBuw6NvIHNlIHByZW9jdXBlLCBvIGFtYXLDo28gdGFtYsOpbS4NCkNlcnRvLCBtYXMgc2ludG8gcXVlIG7Do28gc2VyZWkgYmVtLXZpbmRvIG5vIGNvdW50cnkgY2x1Yi4NClBhcmUhIEVsZXMgbsOjbyBzw6NvIGFzc2ltLg0KRSBlc3NhICJCYW5kYSBkbyBTYXJnZW50byBQb21wYSBkZSBDYWzDp2EgRXNxdWlzaXRhIj8NClF1YWwgw6k/IFBvZGlhIGFvIG1lbm9zIGxoZXMgZGFyIHVtYSBjaGFuY2UuDQpEZSBhZmlhcmVtIGJlbSBhcyBmb2ljZXM/DQpOw6NvLCBzw7MgcXVlcmVtIGxoZSBkYXIgYSBiw6puw6fDo28uDQpRdWUgw7N0aW1vISBBZ29yYSBwcmVjaXNvIGRhIGLDqm7Dp8OjbyBkZWxlcz8NClNlIHF1aXNlciBmYXplciBwYXJ0ZSBkZXN0YSBmYW3DrWxpYSwgc2ltIQ0KUXVlbSBkaXNzZSBxdWUgZXUgcXVlcm8/DQpWb2PDqiEgUXVhbmRvIGNhc291IGNvbWlnby4NCk7Do28gbGkgYXF1ZWxhcyBsZXRyaW5oYXMgZG8gY29udHJhdG8uDQpFbnTDo28gw6kgYXNzaW0/IFZvY8OqIG7Do28gdmFpPw0KQWNyZWRpdGUsIMOpIHVtYSBww6lzc2ltYSBpZMOpaWEhIE7Do28gaXJlbW9zIGUgcG9udG8gZmluYWwhDQpBbmRlISBOw6NvIHF1ZXJvIHBlZ2FyIHRyw6Juc2l0byENCk7Do28gc2UgcHJlb2N1cGUsIGN1aWRhcmVtb3MgZGUgdHVkby4NCkVzcGVyZW0gcG9yIG1pbSENCkF1bWVudGVtIG8gc29tISBMZXZhbnRlbSBhcyBtw6NvcyENCkVudMOjbywgbWFuZGUgdmVyIQ0KTGV2ZSBvIGdhZG8hIEd1aWUgbyBnYWRvISBFc3RhbGFuZG8gbyBjaGljb3RlIQ0KR3VpZSBvIGdhZG8hIExldmUgbyBnYWRvISBFc3RhbGFuZG8gbyBjaGljb3RlIQ0KVG9xdWUgbyBnYWRvLCBsZXZlIG8gZ2FkbywgZ3VpZSBvIGdhZG8hIEVzdGFsYW5kbyBvIGNoaWNvdGUhDQpBY2FiZSBjb20gZWxlcyBlIHBhZ3VlIGEgYmViaWRhIQ0KQ29uaGXDp2EgYXMgbcOjZXMgZGVsZXMhIE9yZGVuaGUhIEVzdGFsYW5kbyBvIGNoaWNvdGUhDQoxLjEyNSBLTSBQQVJBIFTDg08gRGxTVEFOVEUNCi0gSsOhIGNoZWdhbW9zPyAtIE7Do28uDQotIErDoSBjaGVnYW1vcz8gLSBOw6NvLg0KMzIyIEtNIFBBUkEgRGxTVEFOVEUNCi0gSsOhIGNoZWdhbW9zPyAtIE7Do28uDQotIErDoSBjaGVnYW1vcz8gLSBOw6NvLg0KLSBKw6EgY2hlZ2Ftb3M/IC0gU2ltLg0KLSBTw6lyaW8/IC0gTsOjbyENCi0gSsOhIGNoZWdhbW9zPyAtIE7Do28uDQoxIDYxIEtNIFBBUkEgVMODTyBEbFNUQU5URQ0KLSBKw6EgY2hlZ2Ftb3M/IC0gTsOjby4NCi0gTsOjbyB0ZW0gZ3Jhw6dhISAtIE7Do28gdGVtIGdyYcOnYSENCi0gUXVlIGluZmFudGlsISAtIFF1ZSBpbmZhbnRpbCENCi0gT2dyb3Mgc8OjbyB1bSBzYWNvISAtIE9ncm9zIHPDo28gdW0gc2FjbyENCi0gVm9jw6ogcGVyZGV1ISAtIFZvY8OqIHBlcmRldSEgVm91IHBhcmFyLg0KRmluYWxtZW50ZSENCkVzdMOhIGRlbW9yYW5kbyBtdWl0by4gTsOjbyB2w6NvIHBhc3NhciB1bSBmaWxtaW5obz8NCk8gUmVpbm8gVMOjbyBUw6NvIERpc3RhbnRlLCBCdXJybyENCsOJIHBhcmEgb25kZSB2YW1vcy4gVMOjbyB0w6NvLiAuIC4NCi4gLiAuZGlzdGFudGUhDQpUdWRvIGJlbSwgc2FxdWVpLiDDiSBxdWUgZXN0w6EgdW0gdMOpZGlvIQ0KQWNoZSB1bSBqZWl0byBkZSBzZSBkaXN0cmFpci4NClBvciA1IG1pbnV0b3MuDQpQb2RlIHNlciBvdXRyYSBwZXNzb2EgcG9yIDUgbWludXRvcz8NCkrDoSBjaGVnYW1vcz8NCi0gU2ltISAtIEZpbmFsbWVudGUhDQpCRU0tVmxORE9TIEEgVMODTyBUw4NPIERsU1RBTlRFDQpWYWkgc2VyIHPDsyBjaGFtcGFuaGUgZSBjYXZpYXIgZGUgYWdvcmEgZW0gZGlhbnRlLg0KR2F0aW5oYSwgdm9sdGFyZW1vcyBkZXBvaXMgcGFyYSBwZWdhciB2b2PDqi4NCk1laWEtY2Fsw6dhIQ0KVkVOSEEgVmxWRVIgRkVMbFogUEFSQSBTRU1QUkUgRkFEQSBNQURSbE5IQQ0KRGVmaW5pdGl2YW1lbnRlLCBuw6NvIGVzdGFtb3Mgbm8gcMOibnRhbm8hDQpQYXJlIQ0KUGVzc29hbCwgb2xoZW0hIFZpcmFtIGEgUHJpbmNlc2E/DQpNZW5pbmFzLCBiZWxvIGRpYSBwYXJhIHVtIGRlc2ZpbGUhIEFycmFzb3UgbmVzc2UgY2hhcMOpdSENClJBUFVOWkVMDQpDbE5ERVJFTEENClBpc2NpbmFzISBFc3RyZWxhcyBkZSBjaW5lbWEhDQpUw4NPIFTDg08gRGxTVEFOVEUNCkFudW5jaWFuZG8gYSB0w6NvIGFndWFyZGFkYSB2b2x0YS4gLiAuDQouIC4gLmRhIGJlbGEgUHJpbmNlc2EgRmlvbmEgZSBzZXUgbm92byBtYXJpZG8uDQpCZW0sIMOpIGFnb3JhIQ0KLSDDiSBhZ29yYSEgLSDDiSBhZ29yYSENCsOJIGFnb3JhIQ0KUG9kZW0gaXIgbmEgZnJlbnRlLiBWb3UgZXN0YWNpb25hciBvIGNhcnJvLg0KQWluZGEuIC4gLiBhY2hhIGlzc28gdW1hIGJvYSBpZMOpaWE/DQpDbGFybyEgT2xoZSEgTWFtw6NlIGUgcGFwYWkgZXN0w6NvIGZlbGl6ZXMgZGUgbm9zIHZlci4NCi0gTWFzIHF1ZW0gc8OjbyBlc3Nlcz8gLSBBY2hvIHF1ZSDDqSBhIG5vc3NhIHBlcXVlbmluYS4NCk7Do28gdGVtIG5hZGEgZGUgcGVxdWVubyEgTyBwcm9ibGVtYSDDqSBncmFuZGUhDQpOw6NvIGJlaWpvdSBvIFByw61uY2lwZSBwYXJhIHF1ZWJyYXIgbyBlbmNhbnRvPw0KRWxlIG7Do28gw6kgbyBQcsOtbmNpcGUgRW5jYW50YWRvLCBtYXMgZWxlcyBwYXJlY2VtLiAuIC4NCkZlbGl6IGFnb3JhPyBDaGVnYW1vcyBlIGrDoSBvcyB2aW1vcy4NCkFnb3JhIHZhbW9zIGFudGVzIHF1ZSBhY2VuZGFtIGFzIHRvY2hhcy4NCi0gU8OjbyBvcyBtZXVzIHBhaXMuIC0gVHJhbmNhcmFtIHZvY8OqIG5hIHRvcnJlIQ0KRm9pIHBhcmEgbyBtZXUuIC4gLg0KVmFtb3MgZmluZ2lyIHF1ZSBuw6NvIGVzdGFtb3MuLi4NCkhhcm9sZCwgdGVtb3MgcXVlLiAuIC4NClLDoXBpZG8hIEVucXVhbnRvIG7Do28gZXN0w6NvIG9saGFuZG8sIHBvZGVtb3MgZnVnaXIhDQpQYXJlISBWYWkgZmljYXIgdHVkby4uLg0KSG9ycsOtdmVsISBOw6NvIHBvZGUgc2VyIQ0KLSBWb2PDqiBjb25zZWd1ZS4gLSBNYXMgcmVhbG1lbnRlLiAuIC4NCi0gLiAuIC5yZWFsbWVudGUuIC4gLiAtIFJlYWxtZW50ZSENCi0gLiAuIC5uw6NvLiAuIC4gLSAuIC4gLnF1ZXJvLiAuIC5maWNhci4uLg0KQXF1aSENCk1hbcOjZSENClBhcGFpLi4uDQpFc3RlIMOpIG8gbWV1IG1hcmlkby4NClNocmVrLg0KQmVtIC4gLiAuZMOhIHBhcmEgdmVyIHBvcnF1ZSBhIEZpb25hIMOpIHTDo28gYm9uaXRhIQ0KRGVzY3VscGUuDQpNZWxob3Igc29sdGFyIGRvIHF1ZSBwcmVuZGVyISBOw6NvIMOpPw0KRXNzYSDDqSBib2EhDQpBY2hvIHF1ZSBuw6NvLg0KTsOjbyBlc3RvdSBuYSBsaXN0YT8gU2FiZSBxdWVtIHNvdT8NCk7Do28gZXN0b3UgbmEgbGlzdGE/IFNhYmUgcXVlbSBzb3U/DQpFIGHDrSwgZ2FsZXJhPyBPYnJpZ2FkbyBwb3IgZXNwZXJhcmVtLg0KLSBGb2kgZGlmw61jaWwgY2hlZ2FyIGFxdWkuIC0gTsOjbyEgQnVycm8gZmVpbyEgRmVpbyEgU2VudGFkbyENCk7Do28sIHBhcGFpISBUdWRvIGJlbSwgZWxlIGVzdMOhIGNvbSBhIGdlbnRlLg0KLSBFbGUgbWUgYWp1ZG91IGNvbSBvIGRyYWfDo28uIC0gw4ksIGV1IG1lc21vOiBvIG5vYnJlIGFsYXrDo28uDQpHYXLDp29tISBVbSBwcmF0byBwYXJhIG8gYWxhesOjbyENCk5vc3NhIQ0KRGVzY3VscGUhIFNvcGEgaW5jcsOtdmVsLCBkb25hIFJhaW5oYS4NCk7Do28sIG7Do28sIGFtb3IhDQpGaW9uYSwgY29udGUtbm9zIHNvYnJlIG8gbHVnYXIgZW0gcXVlIG1vcmEuDQpCZW0sIG8gU2hyZWsgw6kgZG9ubyBkYSBwcsOzcHJpYSB0ZXJyYSBkZWxlLg0KLSBOw6NvIMOpLCBmb2ZpbmhvPyAtIMOJIQ0Kw4kgdW1hIGZsb3Jlc3RhIGVuY2FudGFkYS4gLiAuDQouIC4gLnJlcGxldGEgZGUgZXNxdWlsb3MNCmUgbGluZG9zIHBhdGluaG9zIGUuIC4gLg0KTyBxdcOqPyBOw6NvIMOpIGRvIHDDom50YW5vIHF1ZSBlc3TDoSBmYWxhbmRvIQ0KVW0gb2dybyBkbyBww6JudGFuby4gUXVlIG9yaWdpbmFsIQ0KU2Vyw6EgdW0gw7N0aW1vIGx1Z2FyIHBhcmEgY3JpYXIgYXMgY3JpYW7Dp2FzLg0Kw4kgbWVpbyBjZWRvIHBhcmEgcGVuc2FyIG5pc3NvLCBuw6NvPw0KTG9nbyBhZ29yYSBxdWUgdm91IGNvbWXDp2FyIGEgY29tZXIhDQotIE8gcXVlIHF1aXMgZGl6ZXI/IC0gUGFwYWksIGzDoSDDqSBtdWl0byBsZWdhbCENCi0gUGFyYSBlc3NlIHRpcG8sIHNpbS4gLSBUaXBvPw0KVGVuaG8gcXVlIGlyIGFvIGJhbmhlaXJvLg0KLSBPIGphbnRhciBlc3TDoSBzZXJ2aWRvISAtIENvbnNpZ28gc2VndXJhci4NCkJvbiBhcHDDqXRpdCENCkNvbWlkYSBtZXhpY2FuYSEgTWluaGEgZmF2b3JpdGEhDQpOw6NvIHZhbW9zIGRlaXhhciBhIGJhcnJpZ2Egcm9uY2FyLiBBdGFjYXIhDQpDb20gcHJhemVyLCBMaWxsaWFuLg0KU3Vwb25obyBxdWUgb3MgbWV1cyBuZXRvcywgdmluZG9zIGRlIHZvY8OqLCBzZXJpYW0uIC4gLg0KT2dyb3MsIHNpbSENCk7Do28gdGVtIG5hZGEgZGUgZXJyYWRvIGNvbSBpc3NvLiBOw6NvIMOpLCBIYXJvbGQ/DQpOw6NvLCBuw6NvISBDbGFybyBxdWUgbsOjbyENCkRlc2RlIHF1ZSBuw6NvIGNvbWEgbyBwcsOzcHJpbyBmaWxobyENCkdlcmFsbWVudGUgcHJlZmVyaW1vcyBvcyBxdWUgZm9yYW0gdHJhbmNhZG9zIGVtIHRvcnJlcy4NCi0gU2hyZWssIHBvciBmYXZvciEgLSBGaXogaXNzbyBwb3JxdWUgYSBhbW8uDQpDcmVjaGUgb3UgY2FzdGVsbyBndWFyZGFkbyBwZWxvIGRyYWfDo28/DQpOw6NvIGVudGVuZGUuIFZvY8OqIG7Do28gw6kgcGFpLg0Kw4kgbXVpdG8gYm9tIHJldW5pciBhIGZhbcOtbGlhIHBhcmEgbyBqYW50YXIuDQotIEhhcm9sZCEgLSBTaHJlayENCi0gRmlvbmEhIC0gRmlvbmEhDQotIE1hbcOjZSEgLSBIYXJvbGQhDQpCdXJybyENClN1YXMgbMOhZ3JpbWFzIG1lIGNoYW1hcmFtDQpFIGFxdWkgZXN0w6EgbyBtZXUgZG9jZSByZW3DqWRpbw0KU2VpIG8gcXVlIHRvZGEgcHJpbmNlc2EgcHJlY2lzYQ0KUGFyYSB0ZXIgdW1hIHZpZGEgZmVsaXoNCk1pbmhhIHF1ZXJpZGEuIE9saGUgc8OzIGNvbW8gZXN0w6EhDQpDb21vIHZvY8OqIGNyZXNjZXUhDQotIFF1ZW0gw6kgdm9jw6o/IC0gUXVlIGRvY2luaG8hDQpTb3UgYSBzdWEgZmFkYSBtYWRyaW5oYS4NClRlbmhvIHVtYSBmYWRhIG1hZHJpbmhhPw0KTsOjbyBzZSBwcmVvY3VwZS4gRXN0b3UgYXF1aSBwYXJhIHJlc29sdmVyIHR1ZG8uDQpTw7MgY29tIHVtIG1vdmltZW50by4gLiAuDQpEYSBtaW5oYSB2YXJpbmhhIG3DoWdpY2EgU2V1cyBwcm9ibGVtYXMgZGVzYXBhcmVjZXLDo28NCkNvbSB1bSB0b3F1ZXppbmhvLCBnYW5oYXLDoSBVbSBwcsOtbmNpcGUgY2hlaW8gZGEgZ3JhbmENClVtIHZlc3RpZG8gY2Fyw61zc2ltbyBEb3MgcmF0aW5ob3MNClNhcGF0byBkZSBjcmlzdGFsIEUgY2hlZ2EgZGUgZXN0cmVzc2UNCkFjYWJhcsOjbyBhcyBwcmVvY3VwYcOnw7VlcyBFIHRlcsOhIHBheg0KQ29uZmllIG5vcyBhbWlnb3MtbW9iw61saWENCkFqdWRhcmVtb3MgYSBhY2hhciB1bWEgbm92YSB0ZW5kw6puY2lhIGRlIG1vZGENCi0gVm91IGRlaXjDoS1sYSBkaWZlcmVudGUsIGxpbmRhISAtIEJlbSBhbyBlc3RpbG8gZG8gUHLDrW5jaXBlIQ0KRXNjcmV2ZXLDo28gc2V1IG5vbWUgbm8gYmFuaGVpcm8NCiJGZWxpeiBwYXJhIFNlbXByZT8gTGlndWUgcGFyYSBGaW9uYSEiDQpDYXJydWFnZW0gZXNwb3J0ZSwgY2hlaWEgZGUgZXN0aWxvIFVtIGNob2ZlciBtdWl0byBnYXRvOiAiS3lsZSIuDQpOYWRhIGRlIGVzcGluaGFzIG5lbSBjw6FyaWVzIEUgbyBmaW0gZGEgY2VsdWxpdGUNCkUgasOhIGlhIG1lIGVzcXVlY2VuZG8gRG8gYmljaG9uIGZyaXPDqSENClVtYSBwbGFzdGljYXppbmhhIFBhcmEgZ2FuaGFyIG8gUHLDrW5jaXBlIGJlbSBwZW50ZWFkbw0KQmF0b20sIHNvbWJyYXMsIGJsdXNoIFBhcmEgbyBQcsOtbmNpcGUgc2FyYWTDo28NCkRpYSBkZSBzb3J0ZSAsIGVsZSDDqSBnb3N0b3NvIFZvY8OqIGUgbyBzZXUgUHLDrW5jaXBlIG5vIGZlbm8NCk9saGFuZG8gcGFyYSBhIEx1YSBPdXZpbmRvIGVzdGEgbcO6c2ljYQ0KVm9jw6ogc2Vyw6EgZmFidWxvc2EgRWxlIHRlcsOhIGFiZG9tZSBkZXNlbmhhZG8NClN1ZmzDqiwgRGlhIGRvcyBOYW1vcmFkb3MgRSBmcmljYXNzw6ogZGUgZnJhbmdvDQpVbWEgcGxhc3RpY2F6aW5oYSBwYXJhIE8gUHLDrW5jaXBlIGJlbSBwZW50ZWFkbw0KUGFyZSENCkVzY3V0ZS4gLiAuIG11aXRvIG9icmlnYWRhLCBGYWRhIE1hZHJpbmhhLiAuIC4NCi4gLiAubWFzIG7Do28gcHJlY2lzbyBkaXNzby4NCi0gQ29tbyBxdWlzZXIuIC0gTsOjbyBnb3N0ZWkgZGUgdm9jw6ouDQpUZW0gdW0gY2FjaG9ycmluaG8hIE5vIG1ldSBxdWFydG8gc8OzIHRlbSB4YW1wdS4NCkZhZGEgTWFkcmluaGEsIG1vYsOtbGlhLiAuIC4NCi4gLiAuZXN0ZSDDqSBvIG1ldSBtYXJpZG8sIFNocmVrLg0KU2V1IG1hcmlkbz8gTyBxdWUgZGlzc2U/IFF1YW5kbyBpc3NvIGFjb250ZWNldT8NClNocmVrIG1lIHNhbHZvdS4NCi0gTsOjbyBwb2RlIHNlciEgLSBNYWlzIHBhcmVudGVzIQ0KRWxhIGVzdMOhIHF1ZXJlbmRvIGFqdWRhci4NClBvZGUgYWp1ZGFyIGNvbSBhcyBtYWxhcy4gUGVndWUgbyBjYXNhY28gZSB2YW1vcyENCi0gTyBxdcOqPyAtIE7Do28gcXVlcm8gaXIgZW1ib3JhLg0KUXVhbmRvIGRlY2lkaXUgaXNzbz8NCi0gQXNzaW0gcXVlIGNoZWd1ZWkuIC0gRXNjdXRlLCBkZXNjdWxwZS4gLiAuDQpOw6NvLCB0dWRvIGJlbS4gVGVuaG8gcXVlIGlyLA0KbWFzIGxlbWJyZS1zZSwgcXVlcmlkYSwgc2UgcHJlY2lzYXIgZGUgbWltLA0KYSBmZWxpY2lkYWRlIGVzdMOhLiAuIC4NCi4gLiAuYSB1bWEgbMOhZ3JpbWEgZGUgZGlzdMOibmNpYS4NClRlbW9zIHRvZGEgYSBmZWxpY2lkYWRlIHF1ZSBwcmVjaXNhbW9zLg0KRmVsaXosIGZlbGl6LCBmZWxpeiENCkVzdG91IHZlbmRvLiBWYW1vcywgS3lsZSENCi0gTXVpdG8gYmVtLCBTaHJlayEgLSBPIHF1ZSBmb2k/DQpGYWxlaSBxdWUgbsOjbyBlcmEgYm9hIGlkw6lpYSB2aXIgYXF1aS4NClBvZGlhIHRlbnRhciBzZSBlbnRlbmRlciBjb20gbyBtZXUgcGFpLg0KQWNobyBxdWUgbsOjbyBpYSBnYW5oYXIgYSBiw6puw6fDo28gZG8gc2V1IHBhcGFpLiAuIC5tZXNtbyBzZSBldSBxdWlzZXNzZS4NCk7Do28gc2VyaWEgbGVnYWwgcGVyZ3VudGFyIG8gcXVlIGV1IHF1ZXJvPw0KQ2xhcm8hIFF1ZXIgcXVlIGV1IGZhw6dhIGFzIG1hbGFzIHBhcmEgdm9jw6o/DQrDiSBpbmFjcmVkaXTDoXZlbCEgRXN0w6Egc2UgY29tcG9ydGFuZG8gY29tbyB1bS4gLiAuDQotIFZhbW9zLCBkaWdhISAtIENvbW8gdW0gb2dybyENClRlbmhvIHVtYSBub3ZpZGFkZSBwYXJhIHZvY8OqLg0KU2V1cyBwYWlzIGdvc3RhbmRvIG91IG7Do28uIC4gLiBldSBzb3UgdW0gb2dybyENCkUgc2FiZSBkZSB1bWEgY29pc2EsIFByaW5jZXNhPyBJc3NvIG7Do28gdmFpIG11ZGFyLg0KTXVkZWkgbXVpdGEgY29pc2EgZW0gbWltIHBhcmEgdm9jw6osIFNocmVrLiBQZW5zZSBuaXNzby4NClF1ZSBtZWlnbywgU2hyZWshICJFdSBzb3UgdW0gb2dybyEiDQotIFNhYmlhIHF1ZSBpc3NvIGlhIGFjb250ZWNlci4gLSBDbGFybywgdm9jw6ogY29tZcOnb3UhDQpOw6NvIGNvbnNpZ28gYWNyZWRpdGFyLCBMaWxsaWFuLiBTw6lyaW8uIC4gLiBFbGUgw6kgbyBvZ3JvLCBuw6NvIGV1IQ0KQWNobyBxdWUgZXN0w6EgbGV2YW5kbyBwYXJhIG8gbGFkbyBwZXNzb2FsLg0Kw4kgYSBlc2NvbGhhIGRhIEZpb25hLg0KRWxhIHRpbmhhIHF1ZSBlc2NvbGhlciBvIHByw61uY2lwZSBxdWUgZXNjb2xoZW1vcyBwYXJhIGVsYS4NClZvY8OqIGVzcGVyYSBxdWUgZXUgZMOqIGEgbWluaGEgYsOqbsOnw6NvIGEgZXNzYSBjb2lzYT8NCkEgRmlvbmEgZXNwZXJhLiBFIG51bmNhIG8gcGVyZG9hcsOhIHNlIG7Do28gZGVyLg0KTsOjbyBxdWVybyBwZXJkZXIgYSBub3NzYSBmaWxoYSBkZSBub3ZvLCBIYXJvbGQuDQpBZ2UgY29tbyBzZSBvIGFtb3IgZm9zc2UgcHJldmlzw612ZWwuDQpOw6NvIGxlbWJyYSBxdWFuZG8gw6lyYW1vcyBqb3ZlbnMgZS4gLiAuDQouIC4gLnBhc3Nlw6F2YW1vcyBwZWxvIGxhZ28uIC4gLg0KLSAuIC4gLnRvZG8gZmxvcmlkby4gLiAuIC0gTm9zc28gcHJpbWVpcm8gYmVpam8uDQpOw6NvIMOpIGEgbWVzbWEgY29pc2EuDQpOw6NvIHBlcmNlYmV1IHF1ZSBhIG5vc3NhIGZpbGhhIGNhc291IGNvbSB1bSBtb25zdHJvIQ0KUGFyZSBkZSBzZXIgbyByZWkgZG8gZHJhbWEhDQpWYW1vcyBmaW5naXIgcXVlIGVzdMOhIHR1ZG8gYmVtLg0KTsOjbyDDqSBtYXJhdmlsaG9zbyEgTsOjbyBzZWkgY29tbyBwb2RlcmlhIHNlciBwaW9yLg0KLSBPbMOhLCBIYXJvbGQuIC0gTyBxdWUgaG91dmU/DQpOYWRhLCBxdWVyaWRhISDDiSBzw7MgYXF1ZWxhIGFudGlnYSBmZXJpZGEgZGUgZ3VlcnJhLg0KLSBWb3UgYWxvbmdhciBhcXVpIHVtIHBvdWNvLiAtIMOJIG1lbGhvciBlbnRyYXIuDQpQcmVjaXNhbW9zIGNvbnZlcnNhci4NCk5hIHZlcmRhZGUsIGVzdGF2YSBpbmRvIHBhcmEgYSBjYW1hLg0KSsOhIHRvbWVpIG8gbWV1IHJlbcOpZGlvIGUgZWxlIG1lIGRlaXhhIG1laW8gdG9udG8uDQpRdWUgdGFsLiAuIC4gc2VybW9zIGJyZXZlcz8gTyBxdWUgZm9pPw0KT2zDoS4NClF1YWwgYSBub3ZpZGFkZT8NCkxlbWJyYSBkbyBtZXUgZmlsaG8sIG8gUHLDrW5jaXBlIEVuY2FudGFkbz8NCkVuY2FudGFkbyEgw4kgdm9jw6o/IE1ldSBEZXVzISBGYXogYW5vcyENClF1YW5kbyB2b2x0b3U/DQpIw6EgdW5zIDUgbWludXRvcywgbmEgdmVyZGFkZS4NCkFww7NzIGVuZnJlbnRhciB2ZW50b3MgY29ydGFudGVzLCB1bSBkZXNlcnRvIGVzY2FsZGFudGUuIC4gLg0KLiAuIC5zdWJpIGFvIHF1YXJ0byBtYWlzIGFsdG8gZGEgbWFpcyBhbHRhIHRvcnJlLiAuIC4NCkEgbWFtw6NlIGN1aWRhIGRpc3NvLg0KRWxlIGVuZnJlbnRhIHZlbnRvcyBjb3J0YW50ZXMgZSB1bSBkZXNlcnRvIGVzY2FsZGFudGUhDQpTb2JlIGFvIHF1YXJ0byBtYWlzIGFsdG8gZGEgbWFpcyBhbHRhIHRvcnJlLiAuIC4NCi0gTWFzLiAuIC4gLSBFIG8gcXVlIGFjaGE/DQpVbSBsb2JvIGRlIHNleG8gaW5kZWZpbmlkbyBxdWUgbGhlIGRpeiBxdWUgYSBwcmluY2VzYS4gLiAuDQotIFNlIGV1IHB1ZGVyLiAuIC4gLSAuIC4gLmrDoSBzZSBjYXNvdS4NCk7Do28gZm9pIG1pbmhhIGN1bHBhLiBFbGUgbsOjbyBjaGVnb3UgbMOhIGEgdGVtcG8hDQpQYXJlIG8gY2Fycm8hDQpWb2PDqiBtZSBmb3LDp2EgYSBmYXplciB1bWEgY29pc2EgcXVlIG7Do28gcXVlcm8uDQpPbmRlIGVzdGFtb3M/DQpCZW0tdmluZGEgYW8gRnJhZGUgR29yZHVjaG8uIE8gcXVlIGRlc2VqYW0/DQpNaW5oYSBkaWV0YSBqw6EgZXJhISBFc3Blcm8gcXVlIGVzdGVqYSBmZWxpei4NCjIgV3JhcHMgUmVuYXNjZW7Dp2EsIHNlbSBtYWlvbmVzZS4gLiAuIENoaWxpIGNvbSBjZWJvbGEuIC4gLg0KLSBMYW5jaGUgTWVkaWV2YWwuIC0gMSBMYW5jaGUgTWVkaWV2YWwuLi4NCi0gLi4uY29tIGJhdGF0YXM/IC0gTsOjbywgb2JyaWdhZG8uDQpUYWNvIGNvbSBTb3VyZG91Z2g/DQotIE8gcXVlIHZvY8OqIHF1ZXI/IC0gTmFkYS4NCk8gc2V1IHBlZGlkbywgRmFkYS4gSXN0byB2ZW0gY29tIG8gTGFuY2hlIE1lZGlldmFsLg0KUGVndWUsIHF1ZXJpZG8uDQpGUkFERSBHT1JEVUNITw0KRml6ZW1vcyB1bSB0cmF0bywgSGFyb2xkLCBlIG7Do28gdmFpIHF1ZXJlciBxdWUgZXUgdm9sdGUgYXRyw6FzLg0KQ2xhcm8gcXVlIG7Do28uDQpFbnTDo28gRmlvbmEgZSBFbmNhbnRhZG8gc2UgY2FzYXLDo28uDQotIFNpbS4gLSBBY3JlZGl0ZSwgSGFyb2xkLiAuIC7DqSBtZWxob3IgYXNzaW0uDQpOw6NvIHPDsyBwYXJhIGEgc3VhIGZpbGhhLiAuIC4NCi4gLiAubWFzIHBhcmEgbyBzZXUgUmVpbm8uDQpPIHF1ZSBkZXZvIGZhemVyPw0KVXNlIGEgc3VhIGltYWdpbmHDp8Ojby4NCk1Bw4fDgyBFTlZFTkVOQURBDQpFbnRyZSwgVm9zc2EgTWFqZXN0YWRlIQ0KR29zdG8gZGEgbWluaGEgY2lkYWRlDQpDb20gdW1hIGdvdGluaGEgZGUgdmVuZW5vDQpOaW5ndcOpbSBmaWNhIHNhYmVuZG8NCkNvbSBsaWNlbsOnYS4NCkNvbmhlw6dvIHZvY8OqPw0KRGV2ZSBlc3RhciBtZSBjb25mdW5kaW5kbyBjb20gYWxndcOpbS4NCkNvbSBsaWNlbsOnYSwgZXN0b3UgcHJvY3VyYW5kbyBhIGlybcOjIEZlaWEuDQpBw60gZXN0w6EuIE11aXRvIGJlbSENClByZWNpc28gZGFyIHVtIGplaXRvIGVtIGFsZ3XDqW0uDQotIFF1ZW0gw6kgbyBjYXJhPyAtIE7Do28gw6kgYmVtIHVtICJjYXJhIi4NCsOJIHVtIG9ncm8uDQpWb3UgbGhlIGRhciB1bWEgZGljYS4NClPDsyB1bWEgcGVzc29hIHBvZGUgZmF6ZXIgZXNzZSBzZXJ2acOnbyBlIGVsZSBuw6NvLiAuIC4NCi4gLiAuZ29zdGEgZGUgc2VyIGluY29tb2RhZG8uDQouIC4gLmdvc3RhIGRlIHNlciBpbmNvbW9kYWRvLg0KT25kZSBvIGVuY29udHJvPw0KT2zDoT8NClF1ZW0gb3VzYSBlbnRyYXIgbm8gbWV1IHF1YXJ0bz8NCkVzcGVybyBuw6NvIGVzdGFyIGluY29tb2RhbmRvLiAuIC4gbWFzIGRpc3NlcmFtIHF1ZSB2b2PDqiByZXNvbHZlDQpwcm9ibGVtYXMgY29tIG9ncm8/DQpPdXZpdSBkaXJlaXRvIQ0KTWFzIGNvYnJvIHVtYSBncmFuZGUgcXVhbnRpYSBlbSBkaW5oZWlyby4NCklzdG8gc2VyaWEgc3VmaWNpZW50ZT8NCkFjYWJhIGRlIGNvbnRyYXRhciBvcyBtZXVzIHZhbGlvc29zIHNlcnZpw6dvcywgTWFqZXN0YWRlLg0KRGlnYS1tZSBvbmRlIHBvc3NvIGFjaGFyIGVzc2Ugb2dyby4NClNJUiBKVVNUSU4NCkFjZWl0ZSBlc3RlIGZhdm9yIGNvbW8gcHJvdmEgZGEgbWluaGEgZ3JhdGlkw6NvLg0KREnDgVJJTw0KQSBCZWxhIEFkb3JtZWNpZGEgZGFyw6EgYSBGZXN0YSBkbyBQaWphbWENCmUgbyBwYXBhaSBuw6NvIG1lIGRlaXhvdSBpci4gTsOjbyBwb3NzbyBzYWlyIGFww7NzIG8gcMO0ci1kby1zb2wuDQpFbGUgZGlzc2UgcXVlIGZhcmVpIHVtYSB2aWFnZW0uDQpEZXZlIHNlciB1bSBjdXJzbyBkZSBldGlxdWV0YS4NCkEgbWFtw6NlIGRpc3NlIHF1ZSBxdWFuZG8gZXUgY3Jlc2Nlci4uLg0KbyBtZXUgUHLDrW5jaXBlIEVuY2FudGFkbyBtZSB0cmFyw6EgZGUgdm9sdGEuDQpFIG7Ds3MgdG9kb3Mgdml2ZXJlbW9zIGZlbGl6ZXMgcGFyYSBzZW1wcmUuDQpTcmEuIEZpb25hIEVuY2FudGFkby4NClNyYS4gRmlvbmEgRW5jYW50YWRvLg0KU3JhLiBGaW9uYSBFbmNhbnRhZG8uDQpFc3Blcm8gbsOjbyBlc3RhciBpbmNvbW9kYW5kby4NCk7Do28sIG7Do28uIFPDsyBlc3RhdmEgbGVuZG8gdW0gbGl2cm8gZGUgdGVycm9yLg0KUXVlcmlhIG1lIGRlc2N1bHBhciBwZWxvIG1ldSBjb21wb3J0YW1lbnRvIGRlcGxvcsOhdmVsLg0KLSBUdWRvIGJlbS4gLSBOw6NvIHNlaSBvIHF1ZSBtZSBkZXUhDQpQb2RlbW9zIGZhemVyIGRlIGNvbnRhIHF1ZSBuYWRhIGFjb250ZWNldT8NCi0gVm9zc2EgTWFqZXN0YWRlLCBldSBzw7MuIC4gLiAtIE1lIGNoYW1lIGRlIHBhaS4NClBhaSwgbsOzcyBhZ2ltb3MgY29tbyAyIG9ncm9zLg0KUHJlY2lzYW1vcyBkZSB1bSB0ZW1wbyBwYXJhIG5vcyBjb25oZWNlciBtZWxob3IuDQpFeGNlbGVudGUgaWTDqWlhISBRdWVyaWEgcXVlIG1lIGFjb21wYW5oYXNzZSBudW1hIGNhw6dhZGEuDQpDb21vIHBhaSBlIGZpbGhvLg0KU2VpIHF1ZSBzaWduaWZpY2FyaWEgbXVpdG8gcGFyYSBhIEZpb25hLg0KUXVlIHRhbCDDoHMgNzozMCBubyB2ZWxobyBjYXJ2YWxobz8NCkFkbWl0YSwgQnVycm8hIEVzdGFtb3MgcGVyZGlkb3MhDQpTZWd1aW1vcyBhcyBpbnN0cnXDp8O1ZXMgZG8gUmVpLiBFbGUgZGlzc2U6DQoiVsOhIHBhcmEgYSBwYXJ0ZSBtYWlzIGVzY3VyYSBkYSBmbG9yZXN0YS4iDQoiUGFzc2UgcGVsYXMgw6Fydm9yZXMgc2luaXN0cmFzIGNvbSBnYWxob3MgYXNzdXN0YWRvcmVzLiAuIC4iICINCi0gIi4gLiAuYXTDqSBvIGFyYnVzdG8gU2hpcmxleSBCYXNzZXkuIiAtIErDoSBwYXNzYW1vcyAzIHZlemVzIHBvciBlc3RlIGFyYnVzdG8uDQpWb2PDqiBuw6NvIHF1aXMgcGFyYXIgcGFyYSBwZXJndW50YXIuDQrDk3RpbW8hIEEgbWluaGEgw7puaWNhIGNoYW5jZSBkZSBtZSBlbnRlbmRlciBjb20gbyBwYWkgZGEgRmlvbmEuIC4gLg0KLiAuIC5lIG1lIHBlcmNvIG5hIGZsb3Jlc3RhIGNvbSB2b2PDqiENCk7Do28gc2UgaXJyaXRlISBFc3RvdSB0ZW50YW5kbyBhanVkYXIhDQpFdSBzZWksIGV1IHNlaSENCi0gRGVzY3VscGUsIHTDoSBsZWdhbD8gLSBOw6NvIHNlIHByZW9jdXBlLg0Kw4kgcXVlIHByZWNpc28gZmljYXIgbnVtYSBib2EgY29tIGVzc2UgY2FyYS4NClZhbW9zIGZpY2FyIGRlIGJlbSBjb20gbyBwYXBhaS4NClR1ZG8gYmVtLCBCdXJyby4NClNlaSBxdWUgdGl2ZW1vcyB1bSBtb21lbnRvIGxlZ2FsLCBtYXMgcm9ucm9uYXI/DQpPIHF1w6o/IE7Do28gcm9ucm9uZWkhDQpPIHF1ZSB2ZW0gYWdvcmE/IFVtIGFicmHDp28/DQpCdXJyb3MgbsOjbyByb25yb25hbS4gQWNoYSBxdWUgZXUgc291IHVtLiAuIC4NCkVuZnJlbnRlbS1tZSwgc2UgcHVkZXJlbSENCk9saGUsIHVtIGdhdGluaG8hDQotIEN1aWRhZG8sIGVsZSBlc3TDoSBhcm1hZG8hIC0gw4kgdW0gZ2F0byEgVmVuaGEgYXF1aSwgZ2F0aW5obyENClZlbmhhLCBnYXRpbmhvLiBWZW5oYSwgZ2F0aW5obyENCi0gQWfDvGVudGUgZmlybWUhIEVzdG91IGluZG8hIC0gUXVhbCDDqT8gQ2FpYSBmb3JhISBDYWlhIGZvcmEhDQotIEN1aWRhZG8sIFNocmVrISBRdWlldG8hIC0gQ2FpYSBmb3JhIQ0KU2hyZWssIHF1aWV0byENCi0gRXJyZWk/IC0gTsOjbywgYWNlcnRvdSBlbSBjaGVpbyENCk9ncm8sIGFnb3JhIGltcGxvcmUgbWlzZXJpY8OzcmRpYSBhby4gLiAuDQouIC4gLkdhdG8gZGUgQm90YXMhDQpWb3UgbWF0YXIgZXNzZSBnYXRvIQ0KLSBCb2xhIGRlIHDDqmxvcy4gLSBRdWUgbm9qZW50byENCk8gcXVlIGZhemVtb3MgY29tIGVsZT8NClVzYW1vcyBhIGVzcGFkYSBhcXVpIG1lc21vLiBUcmF0YW1lbnRvIGEgQm9iIEJhcmtlciENCk1hZHJlISBOb24sIHBvciBmYXZvciENCkV1IGltcGxvcm8sIG7Do28gZm9pIG5hZGEgcGVzc29hbCwgc2XDsW9yLg0KRml6IGlzc28gcGVsYSBtaW5oYSBtw6NlIGRvZW50ZS4gTyBtZXUgcGFpIHJldmlyYSBhcyBsaXhlaXJhcy4NCk8gUmVpIG1lIG9mZXJlY2V1IG91cm8gZSB0ZW5obyBtdWl0b3MgaXJtw6Nvcy4gLiAuDQpPIHBhaSBkYSBGaW9uYSBwYWdvdSBwYXJhIHZvY8OqIGZhemVyIGlzc28/DQpPIFJlaSByaWNvPyBTw60uDQpHcmFuZGUgYsOqbsOnw6NvIHJlYWwgZG8gcGFwYWkhDQpRdWFzZSB0b2RvcyBxdWUgY29uaGVjZW0gdm9jw6ogcXVlcmVtIG1hdMOhLWxvLg0KTXVpdG8gb2JyaWdhZG8uDQpTZXJpYSBtZWxob3IgcGFyYSBhIEZpb25hIHNlIGV1IGZvc3NlIG8gUHLDrW5jaXBlIEVuY2FudGFkby4NClPDrSwgY29tbyBkaXNzZSBvIFJlaSENCkRlc2N1bHBlLCBhY2hlaSBxdWUgZmFsb3UgY29taWdvLg0KRmlvbmEgc2FiZSBxdWUgZmFyaWEgdHVkbyBwb3IgZWxhLg0KU2UgZXUgcHVkZXNzZSwgZXUgbXVkYXZhLg0KU8OzIHF1ZXJpYSBmYXrDqi1sYSBmZWxpei4NCkVzcGVyZSBhw60hDQpGZWxpY2lkYWRlLiAuIC4NCi4gLiAuYSB1bWEgbMOhZ3JpbWEgZGUgZGlzdMOibmNpYS4NClBlbnNlIG5hIGNvaXNhIG1haXMgdHJpc3RlIHF1ZSBqw6EgbGhlIGFjb250ZWNldSENCkNhcmEsIHBvciBvbmRlIGNvbWXDp28/DQpVbSBmYXplbmRlaXJvIHF1aXMgbWUgdHJvY2FyIHBvciBmZWlqw6NvIG3DoWdpY28uDQpOdW5jYSBtZSByZWZpeiENClVtIGlkaW90YSBkZXUgdW1hIGZlc3RhIG9uZGUgb3MgY29udmlkYWRvcyBwcmVnYXZhbSBvIHJhYm8gZW0gbWltLg0KUXVhbmRvIGZpY2FyYW0gYsOqYmFkb3MsIG1lIGJhdGVyYW0gZ3JpdGFuZG8gIlBpw7FhdGEiIQ0KTyBxdWUgc2lnbmlmaWNhIFBpw7FhdGE/DQpOw6NvLCBxdWVybyBxdWUgY2hvcmUhDQpOw6NvIHByb2pldGUgc3VhcyBjb2lzYXMgZW0gbWltISBUZW0gcXVlIGV4dHJhdmFzYXIgb3Mgc2V1cy4gLiAuDQpTYWNvIGRlIHDDqmxvLCBsYW1iZWRvciBkZSBsaXhvLiAuIC4NCk8gcXXDqj8gRXN0w6EgbGlnYWRhPw0KQXF1aSDDqSBhIEZhZGEgTWFkcmluaGEuDQpFc3RvdSBsb25nZSBkYSBtZXNhIG91IGNvbSB1bSBjbGllbnRlLg0KU2UgdmllciBhbyBlc2NyaXTDs3JpbywgbWFyY2FyZW1vcyB1bWEgaG9yYSBwYXJhIHZvY8OqLg0KU2VqYSAiRmVsaXogcGFyYSBTZW1wcmUiIQ0KRXN0w6EgYSBmaW0gZGUgYXZlbnR1cmEsIEJ1cnJvPw0Kw4kgaXNzbyBhw60hIFNocmVrIGUgQnVycm8sIGVtIG91dHJhIGVtb2Npb25hbnRlIGF2ZW50dXJhIQ0KTmFkYSBub3MgZGV0ZXLDoSBhZ29yYSEgRXN0YW1vcyBhIGNhbWluaG8hDQotIFBhcmUsIE9ncm8hIEV1IG8ganVsZ3VlaSBtYWwuIC0gQmVtLXZpbmRvIGFvIGNsdWJlIQ0KUGVsbyBtZXUgY8OzZGlnbyBkZSBob25yYSBkZXZvIGFjb21wYW5ow6EtbG8gYXTDqSBzYWx2YXIgYSBzdWEgdmlkYS4gLiAuDQotIC4gLiAuasOhIHF1ZSBwb3Vwb3UgYSBtaW5oYS4gLSBEZXNjdWxwZS4NCk8gY2FyZ28gZGUgYW5pbWFsIGNoYXRvIGUgZmFsYW50ZSBlc3TDoSBvY3VwYWRvLg0KVmFtb3MsIFNocmVrISBTaHJlaz8NCkJ1cnJvLCBvbGhlIHBhcmEgZWxlLiAuIC4NCi4gLiAuY29tIGVzc2FzIGJvdGluaGFzLg0KUXVhbnRvcyBnYXRvcyB2b2PDqiBqw6Egdml1IGRlIGJvdGFzPw0KLSBWYW1vcyBmaWNhciBjb20gZWxlISAtIE8gcXXDqj8NCkVzY3V0ZSEgRXN0w6Egcm9ucm9uYW5kbyENCi0gQWdvcmEgw6kgYm9uaXRpbmhvISAtIFJlbGF4ZSwgQnVycm8hDQpSZWxheGFyPyBPbGhlIHPDsyBxdWVtIGVzdMOhIG1lIG1hbmRhbmRvIHJlbGF4YXIhDQpSZWxheGFyPyBPbGhlIHPDsyBxdWVtIGVzdMOhIG1lIG1hbmRhbmRvIHJlbGF4YXIhDQpPcyBkb2lzIHPDo28gZmVzdGl2b3MsIG7Do28gc8Ojbz8NCk8gcXVlIGFjaGEsIEhhcm9sZD8NClNpbSwgbXVpdG8gYm9tLg0KRmluamEgcXVlIGVzdMOhIGludGVyZXNzYWRvIG5vIGJhaWxlIGRlIGNhc2FtZW50byBkYSBzdWEgZmlsaGEuDQpBY2hvIHF1ZSBuw6NvIGZheiBkaWZlcmVuw6dhLg0KTsOjbyBzYWJlbW9zIHNlIGhhdmVyw6EgYmFpbGUuDQpNYW3Do2UsIHBhcGFpIQ0KLSBPbMOhLCBxdWVyaWRhLiAtIE8gcXVlIGZvaSwgQ2VkcmljPyBDZXJ0bywgZXN0b3UgaW5kby4NCk1hbcOjZSwgdml1IG8gU2hyZWs/DQpOw6NvLiBQZXJndW50ZSBhbyBzZXUgcGFpLg0KVXNlIHBhbGF2cmFzIHBlcXVlbmFzLiBFbGUgZXN0w6EgbWVpbyBsZW50byBob2plLg0KLSBQb3NzbyBhanVkw6EtbG8sIE1hamVzdGFkZT8gLSBTaW0uDQpDb21vIHNlIGNoYW1hIGVzdGUgcHJhdG8/DQrDiSBvIGNhZsOpIGRhIG1hbmjDoyBkbyBjYWNob3JybywgTWFqZXN0YWRlLg0KU2ltLCBtdWl0byBib20hIFBvZGUgaXIsIENlZHJpYy4NCi0gUGFwYWk/IFZpdSBvIFNocmVrPyAtIE7Do28sIHF1ZXJpZGEuDQpFc3RvdSBjZXJ0byBkZSBxdWUgZm9pIHByb2N1cmFyIHVtYSBib2EgcG/Dp2EgZGUgbGFtYSBwYXJhIHNlIHJlZnJlc2Nhcg0KZGVwb2lzIGRhIGRpc2N1c3PDo28gcXVlIHRpdmVyYW0uDQpWb2PDqiBvdXZpdT8NCk8gcmVpbm8gaW50ZWlybyBvdXZpdSB2b2PDqnMuDQpBZmluYWwsIMOpIGRhIG5hdHVyZXphIGRlbGUgc2VyDQptZWlvIGJydXRvLg0KU8OzIGRlbGU/IE7Do28gc2UgY29tcG9ydG91IGJlbSBubyBjb21pdMOqIGRlIGJvYXMtdmluZGFzLg0KTyBxdWUgZXNwZXJhdmE/IFZlamEgbyBxdWUgZWxlIGZleiBjb20gdm9jw6ohDQpPIFNocmVrIG1lIGFtYSBwZWxvIHF1ZSBldSBzb3UuDQpBY2hlaSBxdWUgZmljYXJpYSBmZWxpeiBwb3IgbWltLg0KUXVlcmlkYSwgc8OzIGVzdG91IHBlbnNhbmRvIG5vIG1lbGhvciBwYXJhIHZvY8OqLg0KRGV2aWEgZmF6ZXIgbyBtZXNtby4NCk7Do28hIMOJIG1lc21vPw0Kw4kgYSBjYXNhIGRvcyBkdWVuZGVzICJLZWVibGVyIi4gVmFtb3MgbmVzc2EhDQrDiSBvIGNoYWzDqSBkYSBGYWRhIE1hZHJpbmhhLg0Kw4kgYSBtYWlvciBwcm9kdXRvcmEgZGUgcG/Dp8O1ZXMgbcOhZ2ljYXMgZG8gcmVpbm8uDQpWYW1vcyBsw6EgY29uaGVjZXIgc2V1cyBlbmNhbnRvcy4NCkVsZSBtZSBmYXogcmlyIQ0KT2ksIHZpbSB2ZXIuIC4gLg0KQSBGYWRhIE1hZHJpbmhhLiBEZXNjdWxwZSwgZWxhIG7Do28gZXN0w6EuDQpKZXJvbWUhIFVtIGNhZsOpIGUgdW0gc2FuZHXDrWNoZSBNb250ZSBDcmlzdG8hDQpTaW0sIEZhZGEgTWFkcmluaGEuIEltZWRpYXRhbWVudGUuDQpFbGEgbsOjbyBlc3TDoSByZWNlYmVuZG8gbmVuaHVtIGNsaWVudGUgaG9qZS4NClR1ZG8gYmVtLiBTb21vcyBkbyBzaW5kaWNhdG8uDQpTaW5kaWNhdG8/DQpSZXByZXNlbnRhbW9zIG9zIG9wZXLDoXJpb3MgZGFzIGluZMO6c3RyaWFzIGRlIG1hZ2lhLA0KdGFudG8gbmVncmEgY29tbyBicmFuY2EuDQpDZXJ0by4NClNlbnRlLXNlIG1lbm9zcHJlemFkbyBvdSBvcHJpbWlkbz8NClVtIHBvdWNvLiBOw6NvIHRlbW9zIGFzc2lzdMOqbmNpYSBkZW50w6FyaWEuDQpTZW0gYXNzaXN0w6puY2lhIGRlbnTDoXJpYS4NClPDsyB2YW1vcyBkYXIgdW1hIG9saGFkYS4NCkFjaG8gcXVlIHNlcmlhIG1lbGhvciBzZSBhIEZhZGEgTWFkcmluaGEgbsOjbyBzb3ViZXNzZSBxdWUgZXN0aXZlbW9zIGFxdWkuDQpFbnRlbmRlPw0KLSBQYXJlISAtIENsYXJvLiBQb2RlbSBlbnRyYXIuDQpVbWEgZG9zZSBkZSBkZXNlam8uDQpQaWNhbnRlIQ0KVW1hIHBpdGFkYSBkZSBwYWl4w6NvLg0KRSBzw7MgdW1hIGFsdXPDo28gZGUuIC4gLg0KLiAuIC5sdXjDunJpYSENCkRlc2N1bHBlIGVudHJhciBhc3NpbSwgbWFzLiAuIC4NCkVtIG5vbWUgZGUgR3JpbW0hIE8gcXVlIGZheiBhcXVpPw0KQmVtLiAuIC5wYXJlY2UgcXVlIGEgRmlvbmEgbsOjbyBlc3TDoSBtdWl0byBmZWxpei4NCkjDoSBhbGd1bWEgZMO6dmlkYSBkZSBxdWFsIHNlamEgbyBtb3Rpdm8/DQpWYW1vcyBhbmFsaXNhciBpc3NvPw0KUHJpbmNlc2EuIENpbmRlcmVsYS4NCkFxdWkgZXN0w6E6ICJWaXZlcmFtIGZlbGl6ZXMgcGFyYSBzZW1wcmUuIg0KTmVuaHVtIG9ncm8hDQpWZWphbW9zLiBCcmFuY2EgZGUgTmV2ZS4NClVtIGJlbG8gcHLDrW5jaXBlLiBOZW5odW0gb2dyby4NCkJlbGEgQWRvcm1lY2lkYS4gTmVuaHVtIG9ncm8uDQpKb8OjbyBlIE1hcmlhPyBOw6NvLiBUdW1iZWxpbmE/IE7Do28uDQpQw6Fzc2FybyBEb3VyYWRvLCBQZXF1ZW5hIFNlcmVpYSwgVW1hIExpbmRhIE11bGhlci4gLiAuDQpOw6NvLCBuw6NvLCBuw6NvLCBuw6NvLCBuw6NvIQ0KVsOqPyBPZ3JvcyBuw6NvIHZpdmVtIGZlbGl6ZXMgcGFyYSBzZW1wcmUuDQpFc2N1dGUsIGRvbmEhDQpOw6NvIGFwb250ZSBlc3NhcyBzYWxzaWNoYXMgdmVyZGVzIGUgc3VqYXMgcGFyYSBtaW0hDQpVbSBNb250ZSBDcmlzdG8gZSBjYWbDqS4gLiAuDQpEZXNjdWxwZSENClR1ZG8gYmVtLCBlc3RhbW9zIGluZG8uDQpTaW50byBkZXNwZXJkacOnYXIgbyBzZXUgdGVtcG8sIGRvbmEgTWFkcmluaGEuDQpWw6EgZW1ib3JhIQ0KVmFtb3MsIHBlc3NvYWwhDQpHcmHDp2FzIGEgRGV1cyBxdWUgw6kgc2V4dGEsIG7DqT8NClRyYWJhbGhhbmRvIG91IHZvYW5kbywgY29sZWdhPw0KU0FMQSBERSBQT8OHw5VFUyBNw4FHSUNBUw0KVGlyZSBlc3NhcyBib3RhcyBkZSAiY291cm8gY29yw61udGlvIiBlIGVzc2UgYmlnb2RlIGRhIG1pbmhhIGNhcmEhIFF1ZSBmZWRvciENCkUgdm9jw6ogbsOjbyBjaGVpcmEgYSBuZW5odW0gYnVxdcOqIGRlIHJvc2FzIQ0KLSBVbSBkZXNzZXMgdGVtIHF1ZSBhanVkYXIuIC0gUGVuc2VpIG5vIG1lc21vIHBsYW5vIQ0KTm9zc2FzIG1lbnRlcyBqw6EgZXN0w6NvIHNlIHRvcm5hbmRvIHVtYSBzw7MuDQpFc3BlcmUgYcOtIQ0KUHJlY2lzYW5kbyBkZSB1bSBwZXJpdG8gZW0gbGFtYmlkYXMsIGF2aXNhcmVtb3MuDQrDiSB1bWEgcMOpc3NpbWEgaWTDqWlhIQ0KU2VqYSDDunRpbCBlIGZpcXVlIG9saGFuZG8hDQpHYXRvLCBhY2hhIHF1ZSBhbGNhbsOnYSBhcXVlbGVzIGzDoSBkbyBhbHRvPw0KU2VtIHByb2JsZW1hLg0KTnVtYSBkYXMgbWluaGFzIDcgdmlkYXMgZnVpIG8gZ3JhbmRlIGdhdHVubyBkZSBTYW50aWFnbyBkZSBDb21wb3N0ZWxhLg0KU2hyZWssIHZvY8OqIHBpcm91Pw0KQnVycm8sIGZpcXVlIG9saGFuZG8hDQpPbGhhcj8NCsOJLCB2b3Ugb2xoYXIgYXF1ZWxhIGJydXhhIG3DoSBkZXNjZXIgYXF1aSBlIGFjYWJhciBjb20gYSBzdWEgcmHDp2EuDQpUYW1iw6ltIHZvdSByaXIuIFZvdSBtb3JyZXIgZGUgcmlyIQ0KLSBPIHF1ZSBlc3TDoSB2ZW5kbz8gLSBMYXhhbnRlIHJlbGF4YW50ZT8NClVtYSBib2EgZG9yIGRlIGJhcnJpZ2EgcmVzb2x2ZSBxdWFscXVlciBwcm9ibGVtYSBjb25qdWdhbC4NCiJBbGdhcyBTZWx0emVyIj8NCi0iUmUtTGF4Ij8gLSBOw6NvISBQcm9jdXJlICJiZWxlemEiLg0KRGVzY3VscGUuIE5hZGEgY29tIGJlbGV6YS4NClF1ZSB0YWwgIkZlbGl6ZXMgcGFyYSBTZW1wcmUiPw0KTyBxdWUgaXNzbyBmYXo/DQpEaXogYXF1aSAiQmVsZXphIERpdmluYSIuDQpDZXJ0YXMgY3VsdHVyYXMgdsOqZW0gb3MgYnVycm9zIGNvbW8gc8OhYmlvcy4NClByaW5jaXBhbG1lbnRlIG9zIGZhbGFudGVzIQ0KVGVyw6EgcXVlIHNlciBlc3NlLiBWZW0gYWxndcOpbSENClBvZGVtb3Mgc2VyIGJyZXZlcz8NClLDoXBpZG8hDQpCb2EgcGVnYWRhLCBCdXJybyENClVtYSBib2EgdXRpbGlkYWRlIHBhcmEgYSBzdWEgYm9jYSENClZhbW9zIQ0KTsOjbyBxdWVybyBzYWJlciBkZSBxdWVtIMOpIGEgY3VscGEuIExpbXBlbSB0dWRvIGlzc28hDQotIFNpbSwgRmFkYSBNYWRyaW5oYS4gLSBFIGFsZ3XDqW0uIC4gLg0KLiAuIC5tZSB0cmFnYSBhbGdvIGJlbSBnb3JkdXJvc28sIGNvYmVydG8gZGUgY2hvY29sYXRlLg0KLSBNYW3Do2UhIC0gRW5jYW50YWRvISBGb2ZpbmhvIQ0KTsOjbyDDqSB1bWEgYm9hIGhvcmEuIE1hbcOjZSBlc3TDoSB0cmFiYWxoYW5kby4NCk8gcXVlIGhvdXZlIGFxdWk/DQpGb2kgYXF1ZWxlIG9ncm8uDQpPIHF1w6o/IE9uZGUgZXN0w6EgZWxlLCBtw6NlPw0KQXJyYW5jYXJlaSBhIGNhYmXDp2EgZGVsZSBkb3Mgb21icm9zIQ0KVm91IG1hdMOhLWxvIGNvbSB1bSBzw7MgZ29scGUhDQpFbGUgdmFpIGxhbWVudGFyIG8gZGlhIGVtIHF1ZSByb3Vib3UgbyBtZXUgcmVpbm8hDQpHdWFyZGUgaXNzbywgSsO6bmlvci4gVm9jw6ogYWluZGEgc2Vyw6EgcmVpIQ0KU8OzIHByZWNpc2Ftb3MgZGUgdW0gcGxhbm8gYmVtIGFybWFkby4NClBhcmRvbiwgZXN0w6EgdHVkbyBlbSBzZXUgZGV2aWRvIGx1Z2FyIGV4Y2V0byB1bWEgcG/Dp8Ojby4NClF1YWw/DQpDcmVpbyBxdWUgcG9kZW1vcyB0aXJhciB2YW50YWdlbSBkaXNzby4NCiJQb8Onw6NvIEZlbGl6ZXMgcGFyYSBTZW1wcmUsIFN1cGVyZm9ydGUiLg0KIlBhcmEgdm9jw6ogZSBzZXUgYW1vciB2ZXJkYWRlaXJvLiINCiJTZSB1bSBkZSB2b2PDqnMgYmViZXIgaXN0bywgb3MgMiBmaWNhcsOjbyBiZW0uIg0KIkZlbGljaWRhZGUsIEJlbS1lc3RhciBlIEJlbGV6YSBEaXZpbmEuIg0KLSBPcyAyIGZpY2Fyw6NvIGJlbT8gLSBBY2hvIHF1ZSBpcsOhIGFmZXRhciBhIEZpb25hIHRhbWLDqW0uDQpJc3NvIG7Do28gbWUgcGFyZWNlIGxlZ2FsLiDDiSBvIG1ldSBpbnN0aW50byBkZSBidXJyby4NCkxhcmd1ZSBlc3NhIG1hY3VtYmEgZSB2YW1vcyBlbWJvcmEuDQpEaXogIkJlbGV6YSBEaXZpbmEiLCBjb21vIHBvZGUgZmF6ZXIgbWFsPw0KVml1PyDDiSBhbMOpcmdpY28gYSBpc3NvISBWYWkgdGVyIHVtYSByZWHDp8Ojby4NClNlIGFjaGEgcXVlIHZvdSBlc2ZyZWdhciBWaWNrIG5vIHNldSBwZWl0bywgZXNxdWXDp2EhDQpDaGVmZSwgY2FzbyB0ZW5oYSBhbGdvIGVycmFkbyBuZXNzYSBwb8Onw6NvLCBwZXJtaXRhLW1lLiAuIC4NCi4gLiAudG9tYXIgbyBwcmltZWlybyBnb2xlLg0KU2VyaWEgdW1hIGhvbnJhIGFycmlzY2FyIGEgbWluaGEgdmlkYSBwb3Igdm9jw6ouDQpOw6NvLCBuw6NvISBBY2hvIHF1ZSBuw6NvLiBUcmF0YW5kby1zZSBkZSB0ZXN0ZSBlbSBhbmltYWwsIGRlaXhlIGNvbWlnby4NCsOJIGRldmVyIGRlIG1lbGhvciBhbWlnby4gUGFzc2UtbWUgbyB2aWRybyENCkNvbW8gc2Ugc2VudGU/DQpOw6NvIHNpbnRvIG5hZGEgZGlmZXJlbnRlLiBQYXJlw6dvIGRpZmVyZW50ZT8NCkNvbnRpbnVhIHBhcmVjZW5kbyBidXJyby4NClRhbHZleiBuw6NvIGZ1bmNpb25lIGVtIGJ1cnJvcy4NClBvciBuw7NzLCBGaW9uYSENCi0gU2UgYmViZXIgaXNzbywgbsOjbyB0ZW0gdm9sdGEhIC0gRXUgc2VpLg0KLSBOw6NvIHZhaSBjaGFmdXJkYXIgbmEgbGFtYT8gLSBFdSBzZWkuDQotIE5lbSBjb8OnYXIgbyB0cmFzZWlybz8gLSBFdSBzZWkuDQotIFZvY8OqIGFtYSBzZXIgb2dybyEgLSBFdSBzZWkhDQpNYXMgYW1vIGFpbmRhIG1haXMgYSBGaW9uYS4NClNocmVrLCBuw6NvISBFc3BlcmUhDQpUaW5oYSBxdWUgc2VyISBUb21vdSBhIHBvw6fDo28gIlBlaWRhbmRvIHBhcmEgU2VtcHJlIi4NClBvZGUgZXN0YXIgdmVuY2lkYS4NCk91IGV1IGUgRmlvbmEgbsOjbyBmb21vcyBmZWl0b3MgdW0gcGFyYSBvIG91dHJvLg0KTsOjbyBmYWxlaT8gRXN0b3Ugc2VudGluZG8gYWxndW1hIGNvaXNhLg0KTsOjbyBxdWVybyBtb3JyZXIsIG7Do28gcXVlcm8gbW9ycmVyLCBuw6NvIHF1ZXJvIG1vcnJlciENCk3Do2UgZGUgTWlzZXJpY8OzcmRpYSwgZXN0b3UgZGVycmV0ZW5kbyENCkVzdG91IGRlcnJldGVuZG8hDQrDiSBzw7MgYSBjaHV2YSwgQnVycm8uDQpQYXJlY2UgdHVkbyBydWltIHBvcnF1ZSBlc3TDoSBlc2N1cm8gZSBjaG92ZW5kby4gLiAuDQouIC4gLmUgbyBwYWkgZGEgRmlvbmEgY29udHJhdG91IHVtIG1hdGFkb3IuDQpFc3RhcsOhIG1lbGhvciBkZSBtYW5ow6MsIHZhaSB2ZXIuIC4gLg0KTyBTb2wgdmFpIHNhaXINCkFtYW5ow6MNClBvZGUgYXBvc3RhciBhcyBjYWzDp2FzDQotIEFwb3N0YXIgYXMgY2Fsw6dhcz8gLSBWb3UgcmVlbmNvbnRyw6EtbGEsIEVsaXphYmV0aCENClZvY8OqIGVzdMOhIGJlbT8NCkNoZWZlLCB2YW1vcyByYXNwYXIgbyBww6psbyBkZWxlLg0KU2VudGltb3MgYSBzdWEgZmFsdGEgbm8gamFudGFyLg0KTyBxdWUgZm9pPw0KQW5kZWkgcGVuc2FuZG8gbm8gcXVlIHZvY8OqIGRpc3NlIGUuIC4gLg0KLiAuIC52b3UgY29uc2VydGFyIGFzIGNvaXNhcy4NCkVzc2Egw6kgYSBtaW5oYSBtZW5pbmEhDQpGb2kgdW0gZXJybyB0cmF6ZXIgbyBTaHJlay4NClZvdSBzYWlyIHBhcmEgcHJvY3Vyw6EtbG8uDQpFIHZvbHRhcmVtb3MgcGFyYSBvIHDDom50YW5vLCBxdWUgw6kgbyBub3NzbyBsdWdhci4NCkZpb25hLCBwb3IgZmF2b3IhDQpOw6NvIHZhbW9zIG5vcyBwcmVjaXBpdGFyLiBOw6NvIHBvZGUgaXIgYSBsdWdhciBuZW5odW0gYWdvcmEuDQpGYWxlaSBxdWUgZWxlIGVzdGF2YSBhcXVpLiBPbGhlIHBhcmEgZWxlISBRdWlldGEhIE9saGUgcGFyYSBlbGUhDQpCb20gZGlhLCBkb3JtaW5ob2NvIQ0KQm9tIGRpYS4NCkFkb3JhbW9zIG8gc2V1IGdhdGluaG8uDQotIEEgbWluaGEgY2FiZcOnYS4gLiAuIC0gVHJvdXhlIHVtIHBvdWNvIGRlIMOhZ3VhLg0KT2JyaWdhZG8uDQpVbSBuYXJpeiBib25pdG8/DQpDYWJlbG8gb25kdWxhZG8/DQpCdW5kaW5oYSBkdXJpbmhhPw0KRXUgZXN0b3UuIC4gLg0KLSBMaW5kbyEgLSBDb25jb3JkbyENClNvdSBhIEppbGwuIENvbW8gc2UgY2hhbWE/DQotIFNocmVrLiAtIFNocmVrPyDDiSBldXJvcGV1Pw0KLSBFc3TDoSB0ZW5zby4gLSBGYXJlaSB1bWEgbWFzc2FnZW0uDQotIFBvZGUgZGVpeGFyLiBPYnJpZ2FkYSEgLSBFIGV1Pw0KRW50cmUgbmEgZmlsYS4NCkVudHJlIG5hIGZpbGEuDQpWaXJhbSBvIG1ldSBidXJybz8NCkEgcXVlbSBjaGFtb3UgZGUgQnVycm8/DQotIEJ1cnJvPyBWb2PDqiBlc3TDoSB1bS4gLiAuIC0gR2FyYW5ow6NvLCBjYXJhIQ0KU2VpIHJlbGluY2hhciwgc2VpIGNhdmFyLg0KT2xoZSBwYXJhIG1pbSEgRXN0b3UgdHJvdGFuZG8hDQrDiSB1bWEgcG/Dp8OjbyBlIHRhbnRvISBPIHF1ZSB0ZW0gbmVzc2EgY29pc2E/DQoiTsOjbyBiZWJhIGVzc2EgcG/Dp8OjbywgbWV1IENoZWZlLiBWYWkgZmF6ZXIgbWFsISINCiJFZmVpdG9zIGNvbGF0ZXJhaXM6IHF1ZWltYcOnw6NvLCBjb2NlaXJhLCB0b250dXJhIGUgY2hvcm8uIg0KIk7Do28gaW5kaWNhZG8gcGFyYSBjYXJkw61hY29zIG5lbSBwb3J0YWRvcmVzIGRlIGRvZW7Dp2FzIG5lcnZvc2FzIi4NCkVzdG91IHRyb3RhbmRvIQ0KLSBPIHF1ZSBmb2k/IC0gU2XDsW9yIQ0KIlBhcmEgZWZlaXRvcyBwZXJtYW5lbnRlcy4gLiAuIg0KIi4gLiAub2J0ZW5oYSBvIGJlaWpvIGRlIGFtb3IgdmVyZGFkZWlybyDDoCBtZWlhLW5vaXRlLiINClBvciBxdWUgw6kgc2VtcHJlIMOgIG1laWEtbm9pdGU/DQotIEV1IHNlcmVpIG8gc2V1IGFtb3IgdmVyZGFkZWlybyEgLSBFdSENCkV1IHNlcmVpIHZlcmRhZGVpcmEgbyBuZWNlc3PDoXJpby4NCkRvbmFzLCBqw6EgdGVuaG8gdW0gYW1vciB2ZXJkYWRlaXJvLg0KRSBhY3JlZGl0ZSwgQ2hlZmUhIEEgc3VhIHByaW5jZXNhIGZpY2Fyw6Egc2F0aXNmZWl0YS4NCkUsIHZhbW9zIGFkbWl0aXIsIGZpY291IG1haXMgZsOhY2lsIG9saMOhLWxvLg0KTWFzIHBvciBkZW50cm8gw6kgbyBtZXNtbyBvZ3JvIG1hbHZhZG8uIC4gLg0KLSBDYWxtYSEgLSAuIC4gLmRlc2FncmFkw6F2ZWwsIGZlZG9yZW50bywgaW11bmRvLiAuIC4NCi0gLiAuIC5lIHphbmdhZG8gZGUgc2VtcHJlLiAtIEUgdm9jw6osIG8gYnVycm8gY2hhdG8gZGUgc2VtcHJlIQ0Kw4kuDQpCZW0uIC4gLnByZXBhcmUtc2UsIFByaW5jZXNhLiBBcXVpIGVzdMOhIG8gbm92byBldSENClBhcmEgY29tZcOnYXIsIHRlbSBxdWUgdGlyYXIgZXNzYXMgcm91cGFzLg0KLSBQcm9udG9zPyAtIFByb250b3MhDQpNb3RvcmlzdGEsIHBhcmUhDQpEZXVzLCBtZSBhanVkZSEgTWV1cyBkaWFzIGRlIGNvcnJpZGEgYWNhYmFyYW0hDQpFc3RvdSBjZWdvLiBGYWxlIGEgdmVyZGFkZSEgVG9jYXJlaSB2aW9saW5vIGRlIG5vdm8/DQpQb2JyZSBjcmlhdHVyYSEgSMOhIGFsZ28gcXVlIHBvc3NvIGZhemVyIHBvciB2b2PDqj8NCkFwZW5hcyB1bWEgY29pc2luaGEuDQpUaXJlIGVzc2EgcGVydWNhIGUgZXNzYXMgc3VhcyBjZXJvdWxhcyENCi0gTmFkYSBtYWwuIC0gTmFkYSBtYWwsIG1lc21vIQ0KUGFpPyBFc3TDoSB0dWRvIGJlbT8NCk9icmlnYWRvLCBjYXZhbGhlaXJvcy4gVW0gZGlhIGV1IHJldHJpYnVpcmVpLg0KQSBtZW5vcyBxdWUgbsOjbyBvcyBlbmNvbnRyZSBvdSBxdWUgZXUgZXNxdWXDp2EuDQpQZWRhem8gZGUgY2FybmUgY29uIHBhdGFzISBRdWVybyB2ZXIgc2FpciBkZXNzYSENCkRpZ2Egw6AgUHJpbmNlc2EgRmlvbmEgcXVlIHNldSBtYXJpZG8sIFNpciBTaHJlaywgcXVlciB2w6otbGEuDQpPbMOhLCBib25pdMOjbyENCi0gUHJpbmNlc2EhIC0gQnVycm8/DQpBIHBvw6fDo28gZnVuY2lvbm91IGVtIHZvY8OqPw0KUXVlIHBvw6fDo28/DQrDiSB1bWEgbG9uZ2EgaGlzdMOzcmlhLiBTaHJlayBlIGV1IHRvbWFtb3MgYSBwb8Onw6NvIG3DoWdpY2EuDQpFIGFnb3JhIGVzdGFtb3Mgc2V4eSENClBvciB2b2PDqiwgZ2F0aW5oYSwgcG9zc28gYXTDqSBzZXIhDQotIE5vcyBzZXVzIHNvbmhvcyEgLSBFIG8gU2hyZWs/DQpFbnRyb3UgcGFyYSBwcm9jdXLDoS1sYS4NClF1ZXIgZGFuw6dhciwgYm9uaXTDo28/DQpKw6EgdmFpPyBOw6NvIHF1ZXIgdmVyIGEgc3VhIG11bGhlcj8NClNpbSwgRmlvbmEuIFNvdSBldS4NCk11ZG91IGEgc3VhIHZvej8NCkEgcG/Dp8OjbyBtdWRvdSBtdWl0YXMgY29pc2FzLg0KTWFzIG7Do28gbyBxdWUgc2ludG8gcG9yIHZvY8OqLg0KRW5jYW50YWRvIQ0KVm9jw6ogYWNoYSwgcGFwYWk/DQpFc3BlcmF2YSBxdWUgYXByb3Zhc3NlLg0KLSBRdWVtIMOpIHZvY8OqPyAtIE1hbcOjZSwgc291IGV1LiBTaHJlayENClNlaSBxdWUgbsOjbyBzZSBwb2RlIGRlc2ZhemVyIHVtYSBwcmltZWlyYSBpbXByZXNzw6NvLiAuIC4NCi4gLiAubWFzIG8gcXVlIGFjaGE/DQpBY2hvIHF1ZSBlbGVzIG7Do28gcG9kZW0gbm9zIG91dmlyLCBmb2ZvLg0KTsOjbyBhY2hhIHF1ZSBqw6EgYXRyYXBhbGhvdSBiYXN0YW50ZSBhIHZpZGEgZGVsYT8NClPDsyBxdWVyaWEgcXVlIGVsYSBmb3NzZSBmZWxpei4NCkFnb3JhIGVsYSBwb2RlIHNlci4NCkZvZmluaG8hDQpFbGEgZmluYWxtZW50ZSBhY2hvdSBvIHByw61uY2lwZSBkb3Mgc29uaG9zLg0KTWFzIG9saGUgcGFyYSBtaW0hIFZlamEgbyBxdWUgZml6IHBvciBlbGEhDQrDiSBob3JhIGRlIHBhcmFyIGRlIHZpdmVyIG51bSBjb250byBkZSBmYWRhcy4NCkVsYSDDqSB1bWEgcHJpbmNlc2EuIEUgdm9jw6osIHVtIG9ncm8uDQpOZW5odW1hIHBvw6fDo28gcG9kZXLDoSBtdWRhciBpc3NvLg0KTWFzLiAuIC4NCi4gLiAuZXUgYSBhbW8uDQpTZSByZWFsbWVudGUgYSBhbWEuIC4gLg0KLiAuIC52b2PDqiBhIGRlaXhhcsOhLg0KLSBTaHJlaz8gLSBTZcOxb3IhDQpPIHF1ZSBmb2k/IEFvbmRlIHZhaT8NClZvY8OqIG7Do28gdGVtIG5hZGEgYSB2ZXIgY29tIGlzc28sIHRlbT8NCkFzIHBlc3NvYXMgbsOjbyBzw6NvIG5hZGEgYm9hcw0KQWNobyBxdWUgdG9kb3Mgc2FiZW0gYmVtIGRpc3NvDQpBcXVpIGVzdMOhLCByYXBhemVzLg0KTGFyZ3VlIGEgZ2FycmFmYSwgRG9yaXMuDQpRdWUgY2FyYSDDqSBlc3NhPw0KRm9pIHVtYSBpZGlvdGljZSENCk51bmNhIGRldmlhIHTDqi1sYSB0aXJhZG8gZGFxdWVsYSB0b3JyZS4NCk9kZWlvIHNlZ3VuZGFzLWZlaXJhcyENClZhaSBkZXNpc3RpciBkYSBtZWxob3IgY29pc2EgcXVlIGrDoSBsaGUgYWNvbnRlY2V1Pw0KTsOjbyB0ZW5obyBlc2NvbGhhLg0KRWxhIGFtYSBhcXVlbGUgbWF1cmljaW5obyBkbyBQcsOtbmNpcGUgRW5jYW50YWRvLg0KRWxlIMOpIGFzc2ltIHTDo28gYm9uaXRvPw0KRXN0w6EgYnJpbmNhbmRvISDDiSBsaW5kbyENClBhcmVjZSBxdWUgb3MgYW5qb3MgZXNjdWxwaXJhbSBvIHJvc3RvIGRlbGUuDQpQYXJlY2UgdW0gc29uaG8hDQpJc3NvIG7Do28gZXN0w6EgbWUgYWp1ZGFuZG8gbmVtIHVtIHBvdWNvIQ0KUGVzc29hbCwgw6kgbWVsaG9yIGFzc2ltLg0KTWFtw6NlIGUgUGFwYWkgYXByb3ZhbSBlIEZpb25hIGZpY2EgY29tIG8gaG9tZW0gcXVlIHNvbmhhdmEuDQpUb2RvcyBzYWVtIGdhbmhhbmRvLg0KRXhjZXRvIHZvY8OqLg0KTsOjbyBlbnRlbmRpLCBTaHJlay4gVm9jw6ogYW1hIGEgRmlvbmEuDQpQb3IgaXNzbyB0ZW5obyBxdWUgZGVpeMOhLWxhLg0KRGVzY3VscGUsIGVsYSBlc3TDoT8NCkVzdMOhIGzDoSBub3MgZnVuZG9zLg0KT2zDoSwgZGUgbm92byENCkZhZGEgTWFkcmluaGEsIEVuY2FudGFkbyENCkVzcGVybyBxdWUgdGVuaGEgdW0gYm9tIG1vdGl2byBwYXJhIHZpcm1vcyBhdMOpIGFxdWkuDQpSZWNlaW8gcXVlIEZpb25hIG7Do28gZXN0ZWphIGVtcG9sZ2FkYSBjb20gbyBQcsOtbmNpcGUgRW5jYW50YWRvLg0KLSBOw6NvIMOpIGN1bHBhIG1pbmhhLiAtIENsYXJvIHF1ZSBuw6NvLCBxdWVyaWRvLg0KQ29tbyBzZXIgZW5jYW50YWRvciBmaW5naW5kbyBzZXIgYXF1ZWxlIG9ncm8gaG9ycm9yb3NvPw0KTsOjbyDDqSBjdWxwYSBkZSBuaW5ndcOpbS4NCi0gVGFsdmV6IHNlamEgbWVsaG9yIGFudWxhcm1vcyB0dWRvLiAtIE8gcXXDqj8NCk7Do28gc2UgcG9kZSBmb3LDp2FyIGFsZ3XDqW0gYSBzZSBhcGFpeG9uYXIuDQpOw6NvIGNvbmNvcmRvISBGYcOnbyBpc3NvIHNlbXByZS4NCkZhw6dhIEZpb25hIGJlYmVyIGlzdG8gZSBzZSBhcGFpeG9uYXLDoSBwZWxvIHByaW1laXJvIHF1ZSBhIGJlaWphci4NClF1ZSBzZXLDoSBvIEVuY2FudGFkby4NCi0gTsOjbyEgLSBPIHF1ZSBkaXNzZT8NCk7Do28gcG9zc28uIE7Do28gdm91IGZhemVyIGlzc28hDQpWYWkgc2ltIQ0KTsOjbyBsZW1icmEgcXVlIG8gYWp1ZGVpIGNvbSBvIHNldSAiRmVsaXogcGFyYSBTZW1wcmUiPw0KRSBwb3NzbyBkZXNmYXplciBvIGVuY2FudG8gZmFjaWxtZW50ZS4NCsOJIG8gcXVlIGRlc2VqYT8gw4k/DQotIE7Do28uIC0gQm9tIGdhcm90by4NClByZWNpc2Ftb3MgaXIuIFRlbmhvIHF1ZSBwZW50ZWFyIG8gRW5jYW50YWRvIHBhcmEgbyBiYWlsZS4NCk7Do28gdGVtIGplaXRvLiBGaWNhIGFsdG8gbmEgZnJlbnRlDQplIHJlYmVsZGUgYXRyw6FzLiBBbGd1w6ltIHRlbSBxdWUgYWplaXRhci4NCk9icmlnYWRvLCBtYW3Do2UuDQpNYW3Do2U/DQpOb3NzYSEgVW0gY2F2YWxvIGZhbGFudGUhDQpPIG9ncm8hDQpEZXRlbmhhbS1ub3MhIExhZHLDtWVzISBCYW5kaWRvcyEgRGV0ZW5oYW0tbm9zIQ0KQWJkb21lcyBmYWJ1bG9zb3MgZSBnbMO6dGVvcyBxdWUgc8OjbyBvIG3DoXhpbW8uLi4NCi4uLmFxdWkgbm8gQmFpbGUgUmVhbCBkZSBUw6NvIFTDo28gRGlzdGFudGUhDQpDYXJydWFnZW5zIGZhemVtIGZpbGEgcGFyYSBhcyBjZWxlYnJpZGFkZXMgZGVzY2VyZW0uLi4NClRvZG9zIG9zIGZhbW9zb3MgdmllcmFtLi4uDQouIC4gLmhvbWVuYWdlYXIgYSBQcmluY2VzYSBGaW9uYSBlIG8gUHLDrW5jaXBlIFNocmVrLg0KTm9zc2EhIE9zIHRyYWplcyBzw6NvIG1hcmF2aWxob3NvcyENClZlamFtISBKb8OjbyBlIE1hcmlhIQ0KUGFyYSBxdWUgZXNzYXMgbWlnYWxoYXM/DQpFLCBhdHLDoXMgZGVsZXMsIG8gUGVxdWVubyBQb2xlZ2FyIGUgVHVtYmVsaW5hIQ0KTsOjbyBzw6NvIGFkb3LDoXZlaXMhDQpBw60gdmVtIGEgQmVsYSBBZG9ybWVjaWRhIQ0KQ29tbyBlc3TDoSBjYW5zYWRhIQ0KUXVlbSBzZXLDoT8gUXVlbSBzZXLDoT8NCsOJIGVsYSwgYSDDum5pY2EuIC4gLg0KLiAuIC7DqSBhIEZhZGEgTWFkcmluaGEhDQpPbMOhLCBUw6NvIFTDo28gRGlzdGFudGUhDQpFIGFzIGV4Y2xhbWHDp8O1ZXM/DQpRdWUgdG9kb3Mgb3Mgc2V1cyBmaW5haXMgc2VqYW0gZmVsaXplcyBlLiAuIC4NCi4gLiAuYmVtLCBqw6EgY29uaGVjZW0gbyByZXN0byENClZvbHRhbW9zIGrDoSBjb20gbyBCYWlsZSBSZWFsIGRlIFTDo28gVMOjbyBEaXN0YW50ZS4uLg0KLi4uZGVwb2lzIGRvcyBjb21lcmNpYWlzLg0KT2RlaW8gZXNzZXMgcHJvZ3JhbWFzIQ0KTW9ycm8gZGUgdMOpZGlvISBNdWRlIHBhcmEgYSAiUm9kYSBkYSBUb3J0dXJhJyENCk7Do28gdm91IG11ZGFyIGVucXVhbnRvIG7Do28gdmlyIFNocmVrIGUgRmlvbmEuDQpRdWUgZHJvZ2EhDQpSYXRvcywgcGFzc2VtIHVtYSBhc2luaGEhDQpOw6NvLCBwYXJhIGEgc3VhIGVzcXVlcmRhLiBFc3F1ZXJkYSENCi0gSG9qZSwgZW0gIkNhdmFsZWlyb3MiLi4uIC0gRXNzZSBhw60gw6kgYm9tIQ0KQnJvbmNvIGJyYW5jbyBpbmRvIHBhcmEgYSBmbG9yZXN0YS4gUGXDp28gcmVmb3LDp28hDQpPcyBIb21lbnMgZGUgQcOnbyBlbnNpbmFyw6NvIGEgZXNzZXMgbWFtw61mZXJvcyBtYWx1Y29zDQpxdWUgcmViZWxkaWEgbsOjbyBjb21wZW5zYS4NClR1ZG8gYmVtISBUdWRvIGJlbSENClNvbHRlbS1tZSEgVmlvbMOqbmNpYSBwb2xpY2lhbCENClBvciBmYXZvciEgVGVuaG8gcXVlIGZhbGFyIGNvbSBhIFByaW5jZXNhIEZpb25hIQ0KTsOzcyBhdmlzYW1vcyENCklyw6NvIGVzY2FwYXIgb3Ugw6kgYSAiw7psdGltYSB2aWRhIGRvIGdhdG8iPw0KQ8OjZXMgY2FwaXRhbGlzdGFzIQ0KVGlyZW0gaXNzbyENCi0gRXJ2YSEgLSBJc3NvIG7Do28gw6kgbWV1IQ0KRXNwZXJlbSBhw60hIEFjaGVtIGEgUHJpbmNlc2EgRmlvbmEhDQotIFZhbW9zISAtIFNvdSB1bSBidXJybyENClNvdSBvIG1hcmlkbyBkZWxhLCBTaHJlayENCi0gIkNhdmFsZWlyb3MiLiAtIFLDoXBpZG8hIFZvbHRlbSBhIGZpdGEhDQpTb3UgbyBtYXJpZG8gZGVsYSwgU2hyZWshDQpRdWVyaWRhPw0KQWNoZWkgcXVlIGVzdGFyaWEgYXF1aS4NClF1ZSB0YWwgdW1hIHjDrWNhcmEgZGUgY2jDoSBxdWVudGUgYW50ZXMgZG8gYmFpbGU/DQpFdSBuw6NvIHZvdS4NCk8gUmVpbm8gdG9kbyB2ZWlvIGNvbWVtb3JhciBvIHNldSBjYXNhbWVudG8uDQpTw7MgdGVtIHVtIHByb2JsZW1hLiBFbGUgbsOjbyDDqSBvIG1ldSBtYXJpZG8uDQpPbGhlIHBhcmEgZWxlIQ0KRXN0w6EgdW0gcG91Y28gZGlmZXJlbnRlLCBtYXMuIC4gLg0KLiAuIC5hcyBwZXNzb2FzIG11ZGFtIHBvciBhbW9yLg0KTsOjbyBzYWJlIG8gcXVhbnRvIGV1IG11ZGVpIHBhcmEgYSBzdWEgbcOjZS4NCk11ZG91Pw0KRWxlIGZpY291IHRvdGFsbWVudGUgbG91Y28hDQpQb3IgcXVlIG7Do28gdmFpIGFvIGJhaWxlIGUgbGhlIGTDoSBvdXRyYSBjaGFuY2U/DQpQb2RlIGRlc2NvYnJpciBxdWUgZ29zdGEgZGVzc2Ugbm92byBTaHJlay4NCk1hcyBtZSBhcGFpeG9uZWkgcGVsbyBhbnRpZ28uDQpEYXJpYSB0dWRvIHBhcmEgdMOqLWxvIGRlIHZvbHRhLg0KUXVlcmlkYSEgRXNzZSDDqSBvIG1ldS4gRGVzY2FmZWluYWRvLA0Kc2Vuw6NvIG7Do28gZHVybW8uDQpPYnJpZ2FkYS4NClRlbmhvIHF1ZSBzYWlyIGRhcXVpISBOw6NvIHBvZGVtIG5vcyBwcmVuZGVyIGFzc2ltISBTb2x0ZW0tbWUhDQpUZW5obyBxdWUgc2FpciBkYXF1aSEgTsOjbyBwb2RlbSBub3MgcHJlbmRlciBhc3NpbSEgU29sdGVtLW1lIQ0KRSBvcyBtZXVzIGRpcmVpdG9zPyBEZXZpYSBkaXplciAuIC4gLnF1ZSB0ZW5obyBvIGRpcmVpdG8gZGUgZmljYXIgY2FsYWRvLg0KTmluZ3XDqW0gZGlzc2UhDQpUZW0gbyBkaXJlaXRvIGRlIGZpY2FyIGNhbGFkby4NClPDsyBuw6NvIHRlbSBhIGNhcGFjaWRhZGUhDQpUZW5obyBxdWUgbWUgY29udHJvbGFyIGFudGVzIHF1ZSB0YW1iw6ltIGVubG91cXVlw6dhLg0KU2hyZWs/IEJ1cnJvPw0KVGFyZGUgZGVtYWlzIQ0KQmlzY29pdG8hIFBpbsOzcXVpbyENClZhaSBleHBsb2RpciENCkN1aWRhZG8gYcOtIQ0KUsOhcGlkbyEgQ29udGUgdW1hIG1lbnRpcmEhDQotIE8gcXVlIGRpZ28/IC0gUXVhbHF1ZXIgY29pc2EuIFLDoXBpZG8hDQpDb21vOiAiRXN0b3UgdXNhbmRvIGNhbGNpbmhhISINCkVzdG91IHVzYW5kbyBjYWxjaW5oYS4NCi0gRXN0w6E/IC0gw5NidmlvIHF1ZSBuw6NvIQ0KUGFyZWNlIHF1ZSDDqSDDs2J2aW8gcXVlIHNpbSENCi0gTsOjbyBlc3RvdSEgLSBEZSBxdWUgdGlwbz8NCi0gw4kgdW1hIHRhbmdhISAtIMOJIHN1bmdhIQ0KLSBOw6NvIMOpISAtIMOJIHNpbSENCi0gTsOjbyDDqSEgLSDDiSBzaW0hDQpMw6EgdmFtb3MgbsOzcy4gU2VndXJlIGZpcm1lIQ0KRXNwZXJlIQ0KLSBDb20gbGljZW7Dp2E/IC0gTyBxdWUgZm9pPyBHYXRvIQ0KLSBQb2RlIG1lIGRlaXhhciBwYXNzYXI/IC0gRGVzY3VscGUsIGNoZWZlLg0KUGFyZSBkZSBicmluY2FyISBUZW1vcyBxdWUgaW1wZWRpciBvIGJlaWpvIQ0KQWNoZWkgcXVlIGlhIGRlaXjDoS1sYS4NCk7Do28gcG9kZW0gZmF6ZXIgaXNzbyBjb20gYSBGaW9uYS4NCsOJIGlzc28gcXVlIGdvc3RvIGRlIG91dmlyLiBBbGd1w6ltIGNhaXUgbmEgcmVhbCENCkltcG9zc8OtdmVsLCBudW5jYSBlbnRyYXJlbW9zISBPIGNhc3RlbG8gdGVtIGd1YXJkYXMgZSB1bSBmb3Nzby4NClBhcmVjZSBxdWUgZXN0YW1vcyBudW0gcmlvIGRlIGNob2NvbGF0ZSBzZW0gcGFsaXRpbmhvIHBhcmEgcmVtYXIuDQotIE8gcXXDqj8gLSBBaW5kYSBjb25oZWNlIG8gcGFkZWlybz8NCkNsYXJvISBNb3JhIGVtIERydXJ5IExhbmUuIFBvciBxdcOqPw0KUHJlY2lzYXJlbW9zIGRlIGZhcmluaGEuDQpEZSBtdWl0YSBmYXJpbmhhIQ0KQWNlbmRhIG9zIGZvcm5vcywgUGFkZWlybyEgVGVtb3MgdW1hIGdyYW5kZSBlbmNvbWVuZGEuDQpQQURBUklBDQpFbGUgdml2ZSENCkNvcnJhbSBvIG1haXMgcsOhcGlkbyBxdWUgcHVkZXJlbSENClbDoSwgZ2Fyb3RvISBWw6EhDQpJc3NvIGHDrSwgTW9uZ28hIEFvIGNhc3RlbG8hDQpOw6NvLCBzZXUgYmlzY29pdG8gaWRpb3RhISBWYW1vcyENCk1vbmdvISBBcXVpIGVtYmFpeG8hIE9saGUgbyBww7RuZWkhDQpJc3NvISBTaWdhIG8gcMO0bmVpIGJvbml0aW5obyENCk8gcMO0bmVpIHF1ZXIgYnJpbmNhciBubyBjYXN0ZWxvLiBQw7RuZWkgYm9uaXRpbmhvIQ0KU2VuaG9yYXMgZSBzZW5ob3Jlcy4gQXByZXNlbnRhbmRvIGEgUHJpbmNlc2EgRmlvbmENCmUgc2V1IG5vdm8gbWFyaWRvLCBvIFByw61uY2lwZSBTaHJlay4NClNocmVrLCBvIHF1ZSBlc3TDoSBmYXplbmRvPw0KQXBlbmFzIGludGVycHJldGFuZG8sIEZpb25hLg0KUGFzc291IGJyaWxobyBub3MgbMOhYmlvcz8NClNhYm9yIGRlIGNlcmVqYS4gUXVlciBwcm92YXI/DQotIE8gcXVlIHZvY8OqIHRlbT8gLSBNYXMgZG9jaW5oby4gLiAuDQpEw6otbWUgdW0gRMOzIE1lbm9yIQ0KU2VuaG9yYXMgZSBzZW5ob3Jlcy4NClF1ZXJvIGRlZGljYXIgZXN0YSBtw7pzaWNhLiAuIC4NCi4gLiAuw6AgUHJpbmNlc2EgRmlvbmEgZSBhbyBQcsOtbmNpcGUgU2hyZWsuDQpGaW9uYSwgbWluaGEgUHJpbmNlc2EuDQpDb25jZWRlLW1lIGEgaG9ucmEgZGVzdGEgZGFuw6dhPw0KUGFyYSBvbmRlIGZvcmFtIHRvZG9zIG9zIGhvbWVucyBib25zPw0KLSBPbmRlIGVzdMOjbyBvcyBkZXVzZXM/IC0gRGFuY2VtLCBkYW5jZW0sIGRhbmNlbSENCk9uZGUgZXN0w6EgbyBleHBlcmllbnRlIEjDqXJjdWxlcw0KUGFyYSBlbmZyZW50YXIgb3MgZGVzYWZpb3M/DQpEZXNkZSBxdWFuZG8gc2FiZSBkYW7Dp2FyPw0KTWluaGEgcXVlcmlkYSwgZGUgdW1hIGNvaXNhIGV1IHNlaToNCm8gYW1vciDDqSBjaGVpbyBkZSBzdXJwcmVzYXMuDQpUYXJkZSBkYSBub2l0ZSBFdSB2aXJvIGUgcmV2aXJvDQpFIHNvbmhvIGNvbSBvIHF1ZSBwcmVjaXNvDQpWYW1vcyENClByZWNpc28gZGUgdW0gaGVyw7NpDQpNdWl0byBiZW0sIGdyYW5kYWxow6NvISBWYW1vcyBkYXIgdW1hIGRlIHBlbmV0cmEhDQpDYXRhcHVsdGFzIQ0KUHJlcGFyYXIhIEZvZ28hDQotIFNlZ3VyZW0tc2UhIC0gTGluZG8hDQpPcyBib3TDtWVzIGRlIGHDp8O6Y2FyLCBuw6NvIQ0KQ3VpZGFkbyENCk11aXRvIGJlbSENCkVtIGFsZ3VtIGx1Z2FyIGRlcG9pcyBkYSBtZWlhLW5vaXRlIE5hIG1pbmhhIG1haXMgbG91Y2EgZmFudGFzaWENClbDoSwgTW9uZ28hIFbDoSENCkNhbGRlaXLDtWVzIQ0KVm9jw6ogcHJpbWVpcm8sIE1vbmdvLg0KLSBJc3NvIG1lc21vISBQdXhlISAtIEN1aWRhZG8hDQpNYWlzIGNhbG9yLCBtZW5vcyBlc3B1bWEhDQpPbmRlIGFzIG1vbnRhbmhhcyBlbmNvbnRyYW0gb3MgY8OpdXMNCk9uZGUgbyByZWzDom1wYWdvIGRpdmlkZSBvIG9jZWFubw0KUG9zc28ganVyYXIgcXVlIHRlbSBhbGd1w6ltIG1lIG9ic2VydmFuZG8NClB1eGUhDQpWYW1vcyENClNlamEgYm9uemluaG8uDQpFbGUgcHJlY2lzYSBkZSBtaW0uIFNvbHRlLW1lIQ0KUHJlY2lzbyBkZSB1bSBoZXLDs2kNCkJ1cnJvIQ0KR2F0byENClbDoSEgVsOhISBTdWEgZGFtYSBwcmVjaXNhIGRlIHZvY8OqIQ0KSG9qZSBwYWdvIGEgbWluaGEgZMOtdmlkYS4NCkVuIGdhcmRlIQ0KRWxlIHRlbSBxdWUgc2VyIGZvcnRlIEUgdGVtIHF1ZSBzZXIgcsOhcGlkbw0KRSB0ZXIgYWNhYmFkbyBkZSBsdXRhcg0KLSBQcmVjaXNvIGRlIHVtIGhlcsOzaSAtIFBhcmUhDQpWb2PDqiEgQWZhc3RlLXNlIGRhIG1pbmhhIG11bGhlciENCk7Do28gcG9kaWEgdm9sdGFyIHBhcmEgbyBww6JudGFuby4gLiAuIGUgZGVpeGFyIHR1ZG8gY29tbyBlc3RhdmE/DQotIEFnb3JhISAtICJQb3Jjb3MgZSBjb2JlcnRvciIhDQpQaW7Ds3F1aW8sIHBlZ3VlIGEgdmFyaW5oYSENClVuaS1kdW5pLXTDqiENClNvdSB1bSBtZW5pbm8gZGUgdmVyZGFkZSENClNvdSB1bSBtZW5pbm8gZGUgdmVyZGFkZS4NCklzc28gw6kgbWV1IQ0KSW1wbG9yZSBtaXNlcmljw7NyZGlhIGFvIEdhdG8uIC4gLg0KLiAuIC5lIGFvIEJ1cnJvIQ0KRWxhIGJlYmV1IGEgcG/Dp8Ojby4gQmVpamUtYSBhZ29yYSENClRpbmhhIHF1ZSBkYXIgYSBwb8Onw6NvIGEgZWxhIQ0KQWNobyBxdWUgZGVpIGEgZWxhIG8gY2jDoSBlcnJhZG8uDQpFdSBsaGUgYXZpc2VpLiAuIC4NCi4gLiAucXVlIG9zIG9ncm9zIG7Do28gdml2ZW0gZmVsaXplcyBwYXJhIHNlbXByZS4NClBhcGFpIQ0KLSBFbGUuIC4gLiAtIFNpbS4NCkVsZSBlc3RyZWJ1Y2hvdSENCk7Do28gcXVlcmlhIHF1ZSBtZSB2aXNzZSBhc3NpbS4NCkUgZWxlIGNyaXRpY2F2YSB2b2PDqiENCkVsZSB0ZW0gcmF6w6NvLiBEZXNjdWxwZS1tZS4NClZvY8OqcyBkb2lzLiBTw7MgcXVlcmlhIG8gbWVsaG9yIHBhcmEgYSBGaW9uYS4NCk1hcyBhZ29yYSB2ZWpvIHF1ZSBlbGEgasOhIHRlbSBpc3NvLg0KU2hyZWssIEZpb25hLiAuIC4NCi4gLiAuYWNlaXRhbSBhcyBkZXNjdWxwYXMgZGUgdW0gdmVsaG8gc2Fwby4gLiAuDQouIC4gLmUgYSBtaW5oYSBiw6puw6fDo28/DQpEZXNjdWxwZSwgTGlsbGlhbi4gU8OzIHF1ZXJpYSBzZXIgbyBob21lbSBxdWUgdm9jw6ogbWVyZWNlLg0KRSBhZ29yYSB2b2PDqiDDqSBlc3NlIGhvbWVtIG1haXMgZG8gcXVlIG51bmNhLiBDb20gcnVnYXMgZSB2ZXJydWdhcy4NCkNoZWZlLCBhIHBvw6fDo28gIkZlbGl6ZXMgUGFyYSBTZW1wcmUiIQ0KTWVpYS1ub2l0ZSENCkZpb25hLiAuIC7DqSBpc3NvIG8gcXVlIHZvY8OqIHF1ZXI/DQpTZXIgYXNzaW0gcGFyYSBzZW1wcmU/DQotIE8gcXXDqj8gLSBTZSBtZSBiZWlqYXIgYWdvcmEuIC4gLg0KLiAuIC5wb2RlbW9zIGZpY2FyIGFzc2ltLg0KRmFyaWEgaXNzbz8NCi0gUG9yIG1pbT8gLSBTaW0uDQpRdWVybyBvIHF1ZSB0b2RhIFByaW5jZXNhIHF1ZXIuDQpWaXZlciBmZWxpeiBwYXJhIHNlbXByZS4gLiAuDQouIC4gLmNvbSBvIG9ncm8gY29tIHF1ZW0gbWUgY2FzZWkuDQpBY29udGXDp2EgbyBxdWUgYWNvbnRlY2VyLCBuw6NvIHZvdSBjaG9yYXIuDQpOw6NvIHbDo28gbWUgZmF6ZXIgY2hvcmFyIQ0KUEFSQULDiU5TLCBSRUPDiU0tQ0FTQURPUw0KQWluZGEgw6kgdW0gbm9icmUgYWxhesOjbyBwYXJhIG1pbS4NCk9uZGUgZXN0w6F2YW1vcz8NCkxlbWJyZWkhDQpOw6NvIGRldsOtYW1vcyBlc3RhciBudW1hIGZpZXN0YT8NClVubywgRG9zLCBDdWF0cm8hIEJhbGFuY2VtIQ0KTyBHYXRvIGUgbyBCdXJybywgZ2FsZXJhLiAuIC4NCkNvbnRpbnVlLCBHYXRvIQ0KVmFtb3MgbMOhIQ0KT2ksIGdvc3Rvc28hDQpUb2RvcyBqdW50b3MgYWdvcmEhDQpDYW50ZW0gbWFpcyB1bWEgdmV6IQ0KQnVycm8sIGlzc28gw6kgZXNwYW5ob2whDQpTb3ppbmhvDQpTb3ppbmhvDQpOw6NvIHF1ZXJvIG1haXMgZmljYXIgU296aW5obw0KTnVuY2EgbWFpcw0KQW1pZ28sIHZhbW9zIHBhcmEgbyBLaXQtS2F0IENsdWIuIFZlbmhhIGNvbSBhIGdlbnRlIQ0KT2JyaWdhZG8sIGNvbXBhZHJlLiBOw6NvIGVzdG91IGEgZmltLg0KVmFtb3MgYW5pbWFyIHZvY8OqLiBBY2hhcmVtb3MgdW1hIGJ1cnJpbmhhIGxlZ2FsLg0KT2ksIGFuam8uDQpFc3NhIMOpIGEgbWluaGEgZ2Fyb3RhISDDiSwgaXNzbyBhw60hDQpQb3Igb25kZSBhbmRvdT8NClRhbWLDqW0gbWUgZGVzY3VscGUuIERldmlhIHRlciBmaWNhZG8uIE1hcyBvIFNocmVrIHRpbmhhIGVzc2UgbGFuY2UuIC4gLg0KTyBxdcOqPyBGYWxlIGRlIG5vdm8hDQpPIHF1ZSBlc3TDoSBkaXplbmRvPyBTw6lyaW8/DQpQYS1wYWkhDQpPcyBub3Nzb3MgYmViw6pzIG11dGFudGVzIQ0KUHJlY2lzbyB0cmFiYWxoYXIhDQotLS0tLS0tLS0tLS0tLS0tLQ0KU0hSRUsgMiBDT01QTEVUTw==
jos√©,T2xhLCB0dWRvIGJlbT8gbWV1IG5vbWUgw6kgSm9zw6kgKGF2w6EpIGdvc3RvIGRlIGFuaW1lcyBzaG91am8sc2hvdW5lbSxlY2NoaSBlIEggdGIga2trIGFsZ20gamEgdml1IExvdmUgSGluYT8gc2UgbWFuaWZlc3RlbSBwZXNzb2Fz
z√©,VkFJIFRPTUFSIE5PIENVIFrDiSDwn5aV8J+WlfCflpXwn5aV8J+WlfCflpUgIFZBSSBUT01BUiBOTyBDVSBaw4kg8J+WlfCflpXwn5aV8J+WlfCflpXwn5aVICBWQUkgVE9NQVIgTk8gQ1UgWsOJIPCflpXwn5aV8J+WlfCflpXwn5aV8J+WlSAgVkFJIFRPTUFSIE5PIENVIFrDiSDwn5aV8J+WlfCflpXwn5aV8J+WlfCflpUgIFZBSSBUT01BUiBOTyBDVSBaw4kg8J+WlfCflpXwn5aV8J+WlfCflpXwn5aVICBWQUkgVE9NQVIgTk8gQ1UgWsOJIPCflpXwn5aV8J+WlfCflpXwn5aV8J+WlSAgVkFJIFRPTUFSIE5PIENVIFrDiSDwn5aV8J+WlfCflpXwn5aV8J+WlfCflpUgIFZBSSBUT01BUiBOTyBDVSBaw4kg8J+WlfCflpXwn5aV8J+WlfCflpXwn5aVICBWQUkgVE9NQVIgTk8gQ1UgWsOJIPCflpXwn5aV8J+WlfCflpXwn5aV8J+WlSAgVkFJIFRPTUFSIE5PIENVIFrDiSDwn5aV8J+WlfCflpXwn5aV8J+WlfCflpUgIFZBSSBUT01BUiBOTyBDVSBaw4kg8J+WlfCflpXwn5aV8J+WlfCflpXwn5aVICBWQUkgVE9NQVIgTk8gQ1UgWsOJIPCflpXwn5aV8J+WlfCflpXwn5aV8J+WlSAgVkFJIFRPTUFSIE5PIENVIFrDiSDwn5aV8J+WlfCflpXwn5aV8J+WlfCflpUgIFZBSSBUT01BUiBOTyBDVSBaw4kg8J+WlfCflpXwn5aV8J+WlfCflpXwn5aVICBWQUkgVE9NQVIgTk8gQ1UgWsOJIPCflpXwn5aV8J+WlfCflpXwn5aV8J+WlSAgVkFJIFRPTUFSIE5PIENVIFrDiSDwn5aV8J+WlfCflpXwn5aV8J+WlfCflpUgIFZBSSBUT01BUiBOTyBDVSBaw4kg8J+WlfCflpXwn5aV8J+WlfCflpXwn5aVICBWQUkgVE9NQVIgTk8gQ1UgWsOJIPCflpXwn5aV8J+WlfCflpXwn5aV8J+WlSAgVkFJIFRPTUFSIE5PIENVIFrDiSDwn5aV8J+WlfCflpXwn5aV8J+WlfCflpUgIFZBSSBUT01BUiBOTyBDVSBaw4kg8J+WlfCflpXwn5aV8J+WlfCflpXwn5aVICBWQUkgVE9NQVIgTk8gQ1UgWsOJIPCflpXwn5aV8J+WlfCflpXwn5aV8J+WlSAgVkFJIFRPTUFSIE5PIENVIFrDiSDwn5aV8J+WlfCflpXwn5aV8J+WlfCflpUgIFZBSSBUT01BUiBOTyBDVSBaw4kg8J+WlfCflpXwn5aV8J+WlfCflpXwn5aVICBWQUkgVE9NQVIgTk8gQ1UgWsOJIPCflpXwn5aV8J+WlfCflpXwn5aV8J+WlSAgVkFJIFRPTUFSIE5PIENVIFrDiSDwn5aV8J+WlfCflpXwn5aV8J+WlfCflpUgIFZBSSBUT01BUiBOTyBDVSBaw4kg8J+WlfCflpXwn5aV8J+WlfCflpXwn5aVICBWQUkgVE9NQVIgTk8gQ1UgWsOJIPCflpXwn5aV8J+WlfCflpXwn5aV8J+WlSAgVkFJIFRPTUFSIE5PIENVIFrDiSDwn5aV8J+WlfCflpXwn5aV8J+WlfCflpUgIFZBSSBUT01BUiBOTyBDVSBaw4kg8J+WlfCflpXwn5aV8J+WlfCflpXwn5aVICBWQUkgVE9NQVIgTk8gQ1UgWsOJIPCflpXwn5aV8J+WlfCflpXwn5aV8J+WlSAgVkFJIFRPTUFSIE5PIENVIFrDiSDwn5aV8J+WlfCflpXwn5aV8J+WlfCflpUgIFZBSSBUT01BUiBOTyBDVSBaw4kg8J+WlfCflpXwn5aV8J+WlfCflpXwn5aVICBWQUkgVE9NQVIgTk8gQ1UgWsOJIPCflpXwn5aV8J+WlfCflpXwn5aV8J+WlSAgVkFJIFRPTUFSIE5PIENVIFrDiSDwn5aV8J+WlfCflpXwn5aV8J+WlfCflpU=
caio,TWFuZGFyIGEgdHJ1ZSBhcXVpLCB0w7QgZGUgc2FjbyBjaGVpbyBkZSB2b2PDqiBmaWNhciBmYWxhbmRvIGRlIGZhbnN1YiwgaXNzbyBhdHJhcGFsaGEgcHJhIHBvcnJhIG8gY2hhdCwgZXUgbsOjbyBhZ3VlbnRvIG1haXMsIGV1IHTDtCBkZSBzYWNvIGNoZWlvLCBpc3NvIMOpIGlycml0YW50ZSwgaXNzbyBhdHJhcGFsaGEgYXMgY29udmVyc2FzIGUgw6kgaXNzbw==
panela2,Ymx1ZSAtPiBtZXUgYW1pZ28gZGUgaW5mw6JuY2lhCkNhaW8gLT4gYW1pZ28gcXVlIGJyb3RvdSBkZXBvaXMKQXVyZSAtPiBUZW5obyBuYWRhIGNvbnRyYQpLYW9zIC0+IFZpdmUgZW0gb3V0cm8gcGxhbmV0YQpLYXlwb3JhIC0+IENvbmhlw6dvIGjDoSBwb3VjbyB0ZW1wbyBtYXMgbWUgZGVpeGEgdGlsdGFkbyBwcmEga3JsIMOgcyB2ZXplcwpMdWFuaWljIC0+IE5hZGEgY29udHJhClJlYWN0IC0+IFF1ZW0gw6kgZXNzYSBwZXNzb2EKU2FrdXRhIC0+IE5hZGEgY29udHJhClNrYXN1bSAtPiBOYWRhIGNvbnRyYQpIaWthcnUgLT4gTWUgZGVpeG91IHB1dG8gcHJhIGNhcmFsaG8gdsOhcmlhcyB2ZXplcyBzZSBlbmZpYW5kbyBubyBtZWlvIGRhIGNvbnZlcnNhIHByYSBmYWxhciBkZSBmYW5zdWJiYWdlbSBETyBOQURBLCBxdWVicmFuZG8gbyBhc3N1bnRvIHRvdGFsbWVudGUuIFRlbSBjYW5hbCBwcmEgaXNzbywgcXVlcmlkYS4gI2ZhbnN1YmFnZW5zLiBQZWxvIHF1ZSB2b2PDqiBkaXNzZSBow6EgcG91Y28sIHZvY8OqIHByZWNpc2EgdXJnZW50ZW1lbnRlIGRlIHVtIHBzaWPDs2xvZ28uCkFjaGVuZWRheSAtPiBOZW0gY29uaGXDp28gZGlyZWl0bywgc8OzIGZhbGVpIDEgZGlhCkFpbnogLT4gUXVlbSDDqT8KQ2Fpb0pvdGEgLT4gw4kgb3V0cm8gQ2FpbwpLb2FsYSAtPiBOw6NvIGNvbmhlw6dvLgpPLVJlbiBJc2hpaSAtPiBBbWlnbyBkbyBWaW5hLCBzw7Mgc2VpIGRpc3NvLgpTaGlidXlhIC0+IFZpbmEuIEV1IHRlbmhvIG11aXRhcyBjb2lzYXMgYSBkaXplciBzb2JyZSBlbGUsIG1hcyBwcmluY2lwYWxtZW50ZSBxdWUgZWxlIGFuZGEgdGlsdGFkYcOnbyB1bHRpbWFtZW50ZSBlIGRlIGZhY3RvIHNldSBjb3JwbyDDqSBjb25zdGl0dcOtZG8gZGUgcG9yY2VsYW5hIHVsdGltYW1lbnRlLiBUw6EgYmFuY2FuZG8gbyBqdXN0aWNlaXJvIG1hcyB2aXZpYSBmYXplbmRvIG1lcmRhLCBpbmNsdXNpdmUgZm9pIG8gcmVzcG9uc8OhdmVsIHBvciByYWlkIG5vIHNlcnZlciBkYSBIaWthcnUgZSB6b2F2YSBhIEF1cmVhdGUganVudG8gY29tIGEgZ2FsZXJhIGRhIHBhbmVsYSBlIG8gcmVzdG8uIEhpcMOzY3JpdGEgZSB2aXZlIG5vIG11bmRpbmhvIGRlbGUsIHBhcmVjZSBxdWUgYWNoYSBxdWUgYSB2aWRhIMOpIGZsb3JlcyBwb3JxdWUgbnVuY2EgbWFudMOpbSBvIGZvY28gZW0gcG9ycmEgbmVuaHVtYSwgZSBmaWNhIHRpbHRhZG8gcXVhbmRvIGEgZ2VudGUgdGVudGEgYWp1ZGFyIGNvbW8gZmljYSB0aWx0YWRvIGNvbSBxdWFscXVlciBjb2lzYS4KdmluaWkgLT4gw4kgbyB2aW5hIHRibQpWaW5pcGRzIC0+IEFtaWdvIGRvIFZpbmEuIE7Do28gY29uaGXDp28uClZpdG8gLT4gTWFuZGEgY29weXBhc3RhcyBsZWdhaXMuIE7Do28gY29uaGXDp28gZGlyZWl0by4KWsOpY2NoYW4gLT4gUGFzc2EgZG9zIGxpbWl0ZXMgw6BzIHZlemVzLiBVbSBkb3MgcHJpbmNpcGFpcyByZXNwb25zw6F2ZWlzIHBlbG8gVmluYSB0aWx0YXIgcHJhIGNhcmFsaG8ganVudG8gY29tIGEgcGFuZWxhLCBtYXMgw6kgdW1hIGJvYSBwZXNzb2EuIEdvc3RvIGRlbGUuIEFjaG8gcXVlIG8gVmluYSBuw6NvIGRldmlhIHRpbHRhciB0YW50byBjb20gYWxndcOpbSBxdWUgY29uaGVjZSBow6EgdGFudG8gdGVtcG8u
teste2,YXNkYXNkc2FkYWRhc2Rhc2Q=
teste,YXNk
